,track_id,year,total_curses,curses,unique_words,density,creativity,charted
0,TRAAABD128F429CF47,1969,0,0,74,226,0.327433628319,0
1,TRAAAEF128F4273421,1982,0,0,59,139,0.424460431655,0
2,TRAAAFD128F92F423A,2007,0,0,82,160,0.5125,0
3,TRAAARJ128F9320760,1984,0,0,91,203,0.448275862069,0
4,TRAABJV128F1460C49,1986,0,0,86,189,0.455026455026,0
5,TRAABLR128F423B7E3,1987,0,0,102,210,0.485714285714,0
6,TRAABVM128F92CA9DC,2004,0,0,119,325,0.366153846154,0
7,TRAACER128F4290F96,2004,0,0,122,255,0.478431372549,0
8,TRAACFV128F935E50B,1985,0,0,76,254,0.299212598425,0
9,TRAADLH12903CA70EE,2003,0,0,41,55,0.745454545455,0
10,TRAADNA128F9331246,1992,0,0,79,148,0.533783783784,0
11,TRAADQX128F422B4CF,2006,0,0,72,137,0.525547445255,0
12,TRAADYB128F92D7E73,2009,0,0,46,236,0.194915254237,0
13,TRAADYI128E078FB38,1997,9,1,197,684,0.288011695906,0
14,TRAAENC128F1451DE9,1995,0,0,123,401,0.306733167082,0
15,TRAAFMS128F933AB23,1990,0,0,36,85,0.423529411765,0
16,TRAAFUJ128F933F42B,1997,4,1,177,444,0.398648648649,0
17,TRAAGEC128E079252C,2000,0,0,80,136,0.588235294118,0
18,TRAAGJV128F1464090,1963,0,0,70,227,0.308370044053,0
19,TRAAGPF12903CE027E,1990,0,0,39,90,0.433333333333,0
20,TRAAGPJ128F428CD1B,2005,0,0,94,184,0.510869565217,0
21,TRAAHEG128E07861C3,2001,14,1,143,277,0.516245487365,0
22,TRAAHRF128F92FE234,1995,0,0,65,136,0.477941176471,0
23,TRAAHZP12903CA25F4,1997,10,1,229,448,0.511160714286,0
24,TRAAIAE128F42AC53D,2005,0,0,55,128,0.4296875,0
25,TRAAIHL128F92E6DDA,1994,0,0,127,460,0.276086956522,0
26,TRAAIII128F427D5D8,1971,0,0,55,160,0.34375,0
27,TRAAJAC128F148B530,1995,0,0,113,221,0.511312217195,0
28,TRAAJEK128F422F55A,2007,0,0,106,307,0.345276872964,0
29,TRAAJJA12903CC518A,1999,8,1,216,540,0.4,0
30,TRAAJJG128F4284B27,2001,0,0,123,335,0.367164179104,0
31,TRAAJYX128F4255568,1991,0,0,91,511,0.178082191781,0
32,TRAAKAS128F4246013,1997,0,0,31,60,0.516666666667,0
33,TRAAMES128F42AF068,2006,0,0,85,175,0.485714285714,0
34,TRAAMPA128F92E7D0D,1986,0,0,51,205,0.248780487805,0
35,TRAANBH128F9345A6C,1998,0,0,83,193,0.430051813472,0
36,TRAAOIN128F9303790,2005,0,0,113,212,0.533018867925,0
37,TRAAOJI128F1458DCD,1981,2,1,102,200,0.51,0
38,TRAAPGF128F1458F8B,1983,0,0,59,370,0.159459459459,0
39,TRAAPIV128F1493132,1997,0,0,80,218,0.366972477064,0
40,TRAAPPQ128F14961F5,1986,0,0,38,195,0.194871794872,0
41,TRAAQBF12903CF796B,2005,0,0,57,155,0.367741935484,0
42,TRAAQCK128F92E8C33,2006,0,0,99,311,0.318327974277,0
43,TRAAQIH128F428BDEA,2007,3,1,188,468,0.401709401709,0
44,TRAAQUC128F9322A82,1995,0,0,96,166,0.578313253012,0
45,TRAASFP128F42980BD,2001,0,0,34,105,0.32380952381,0
46,TRAASGM128EF34DBB0,2007,15,1,218,792,0.275252525253,0
47,TRAASQC128F93480F0,2003,0,0,91,209,0.435406698565,0
48,TRAASUZ128F9314950,1999,4,1,62,211,0.293838862559,0
49,TRAATIU128F4291A84,2001,0,0,22,29,0.758620689655,0
50,TRAATMY128F149562F,2007,0,0,100,278,0.359712230216,0
51,TRAATNJ128F42631BA,2007,3,1,72,229,0.314410480349,0
52,TRAAUEO128E0780CB9,2003,0,0,55,346,0.158959537572,0
53,TRAAUMN128F4273561,1998,0,0,47,171,0.27485380117,0
54,TRAAUZX128F92F3D53,2000,12,1,200,370,0.540540540541,0
55,TRAAVOK12903CC4773,2002,0,0,84,206,0.407766990291,0
56,TRAAVOU128F422F292,2005,0,0,108,424,0.254716981132,0
57,TRAAVRJ128F92FF90A,2007,0,0,81,160,0.50625,0
58,TRAAWGY128F4298A09,1982,0,0,102,264,0.386363636364,0
59,TRAAWOR128F92DF3C8,2008,0,0,103,287,0.358885017422,0
60,TRAAXIR128F92D1938,2005,0,0,49,110,0.445454545455,0
61,TRAAXMX128F9307699,2006,0,0,42,82,0.512195121951,0
62,TRAAXUY128F426BA55,1998,0,0,108,240,0.45,0
63,TRAAZBD128F427A97D,2000,11,1,207,650,0.318461538462,0
64,TRAAZGC12903CB5DFB,1989,0,0,77,191,0.403141361257,0
65,TRAAZQW128F93430DC,1989,0,0,100,330,0.30303030303,0
66,TRABAFJ128F42AF24E,1999,0,0,102,389,0.262210796915,0
67,TRABBOP128F931B50D,1994,0,0,97,214,0.453271028037,0
68,TRABBXU128F92FEF48,2004,0,0,61,259,0.235521235521,0
69,TRABCIX128F4265903,1994,2,1,121,380,0.318421052632,0
70,TRABDTV128E0791839,1998,0,0,43,57,0.754385964912,0
71,TRABEBP12903C9BA03,2008,2,1,105,223,0.470852017937,0
72,TRABEKF128F42765FF,2006,4,1,99,225,0.44,0
73,TRABFKN12903CAF61B,2007,4,1,98,303,0.323432343234,0
74,TRABFZX128F4241355,2006,0,0,88,302,0.291390728477,0
75,TRABGMB12903CF50FE,1991,0,0,65,183,0.355191256831,0
76,TRABHBA128F424CF80,2009,5,1,72,128,0.5625,0
77,TRABHVL128F92EFB0E,2005,0,0,82,263,0.311787072243,0
78,TRABIPA128F1458F79,1985,0,0,31,107,0.289719626168,0
79,TRABJIX128C7196953,2003,0,0,104,264,0.393939393939,0
80,TRABJWA128F9309C09,1999,0,0,91,139,0.654676258993,0
81,TRABKBS128F42823EC,2005,0,0,77,196,0.392857142857,0
82,TRABLGI128F42B867A,2006,0,0,71,220,0.322727272727,0
83,TRABLMN128E0792687,2001,0,0,59,201,0.293532338308,0
84,TRABLQE128F92E5E75,2008,0,0,89,324,0.274691358025,0
85,TRABLYQ128F429A9F8,2001,0,0,7,9,0.777777777778,0
86,TRABMZZ128F4249C60,2006,0,0,42,95,0.442105263158,0
87,TRABNET128F14560AC,1983,0,0,82,207,0.3961352657,0
88,TRABNEX128F92C9DEA,2007,0,0,71,360,0.197222222222,0
89,TRABNLE128EF34B85D,2006,0,0,15,54,0.277777777778,0
90,TRABOOL128F426E836,1999,0,0,88,142,0.619718309859,0
91,TRABOXX128F92F29EB,2007,0,0,87,130,0.669230769231,0
92,TRABPAU128F429C1BD,2006,1,1,110,337,0.326409495549,0
93,TRABPHE128F42A1E65,1991,0,0,37,124,0.298387096774,0
94,TRABPUI12903CF22CE,2004,0,0,7,10,0.7,0
95,TRABQZK128F92F54F4,1995,0,0,34,81,0.41975308642,0
96,TRABRMJ128E0780E42,1997,0,0,75,167,0.449101796407,0
97,TRABSAR128F42324A8,2008,0,0,82,138,0.594202898551,0
98,TRABTXS128F92E2FDC,2009,0,0,48,138,0.347826086957,0
99,TRABUUH128F4241346,2006,0,0,70,279,0.250896057348,0
100,TRABUZC128E078603F,2003,51,1,278,794,0.350125944584,0
101,TRABVWG128F9359323,1999,0,0,77,271,0.284132841328,0
102,TRABWPT128F42B06CC,2006,0,0,70,159,0.440251572327,0
103,TRABXPR128F92F27FE,2003,0,0,104,303,0.343234323432,0
104,TRABXVE128F4284AFC,2004,0,0,69,243,0.283950617284,0
105,TRABYAR128F931B1A4,2002,0,0,75,187,0.401069518717,0
106,TRABYEY128F933773A,1999,0,0,124,322,0.385093167702,0
107,TRABYVN128F429E5CF,2001,1,1,249,447,0.557046979866,0
108,TRABZCL128E0789AED,2005,0,0,111,224,0.495535714286,0
109,TRACASH128F931C969,1991,0,0,98,320,0.30625,0
110,TRACBLO128E0784286,1992,1,1,116,262,0.442748091603,0
111,TRACBWP128C7196948,2003,0,0,70,243,0.288065843621,0
112,TRACBWX128F92FD725,2006,0,0,75,220,0.340909090909,0
113,TRACCJA128F149A144,2000,0,0,41,67,0.611940298507,0
114,TRACCVZ128F4291A8A,2001,0,0,48,67,0.716417910448,0
115,TRACFAP128E07862C1,1998,17,1,216,815,0.265030674847,0
116,TRACFOJ128F4253EFA,2003,0,0,118,253,0.466403162055,0
117,TRACFOV128F9340D81,2009,0,0,60,102,0.588235294118,0
118,TRACFWQ12903CF8148,2007,0,0,113,211,0.535545023697,0
119,TRACFXL128F930B28B,2005,0,0,68,227,0.299559471366,0
120,TRACFZI128E0795424,2005,0,0,79,300,0.263333333333,0
121,TRACHFO12903CB3009,2006,0,0,71,138,0.514492753623,0
122,TRACHHH128E0788A35,2004,1,1,167,297,0.56228956229,0
123,TRACHKX128F934B07A,2009,0,0,62,107,0.579439252336,0
124,TRACJPW128F932CA4C,1999,0,0,75,116,0.646551724138,0
125,TRACJWY12903CB7DBF,1974,0,0,126,262,0.480916030534,0
126,TRACKAP128F425B741,2002,0,0,150,565,0.265486725664,0
127,TRACKWV128F934B6B0,2006,2,1,112,207,0.541062801932,0
128,TRACLHC128F9343C39,1989,0,0,50,202,0.247524752475,0
129,TRACLRS12903CE9386,1968,0,0,57,132,0.431818181818,0
130,TRACMCG128F92CE225,2008,1,1,78,259,0.301158301158,0
131,TRACMHD128F931FB14,1999,1,1,121,249,0.4859437751,0
132,TRACMMG128F146D705,1999,15,1,78,1415,0.0551236749117,0
133,TRACNXS128F93395BA,1989,2,1,104,243,0.427983539095,0
134,TRACOHQ128F424C5EF,2007,3,1,108,278,0.388489208633,0
135,TRACPIC128E0792500,2000,0,0,58,148,0.391891891892,0
136,TRACRON12903CB59E6,2002,0,0,84,478,0.175732217573,0
137,TRACRTS128F9300F7E,1983,0,0,42,74,0.567567567568,0
138,TRACSBL128F42480E8,2008,0,0,95,454,0.209251101322,0
139,TRACSIE128F427F98E,1999,0,0,96,334,0.287425149701,0
140,TRACSTF128F4238A87,1998,0,0,52,160,0.325,0
141,TRACTLX128F42A51F6,2004,0,0,115,288,0.399305555556,0
142,TRACTUH128F92C93A3,1977,0,0,51,188,0.271276595745,0
143,TRACTWW12903CB7550,1995,0,0,62,202,0.306930693069,0
144,TRACUCT128F422BC2F,2007,0,0,51,147,0.34693877551,0
145,TRACVFF12903CF055A,1994,0,0,74,176,0.420454545455,0
146,TRACVSS128E07846A7,2004,0,0,101,155,0.651612903226,0
147,TRACWBO128F92F322F,1996,0,0,57,213,0.267605633803,0
148,TRACWYD128F1465B4A,2003,0,0,80,224,0.357142857143,0
149,TRACXGH128F931686C,1969,0,0,37,89,0.415730337079,0
150,TRACXYU128F425EEE8,2003,0,0,69,155,0.445161290323,0
151,TRACYCJ128F9309246,2000,0,0,116,437,0.265446224256,0
152,TRACYDP128F932BC8E,2007,0,0,54,88,0.613636363636,0
153,TRACZJA128F429E665,2002,0,0,74,307,0.241042345277,0
154,TRADABC128F4274FCC,2003,0,0,69,119,0.579831932773,0
155,TRADAFY128F145B77B,1992,0,0,39,93,0.41935483871,0
156,TRADAYS12903CDBE0F,1972,0,0,65,213,0.305164319249,0
157,TRADAZP12903D0A480,2010,1,1,90,221,0.407239819005,0
158,TRADBXG12903CBDEC5,2004,0,0,101,454,0.222466960352,0
159,TRADCHC128F42134B5,1999,2,1,224,542,0.413284132841,0
160,TRADCIM128F427A3A1,2002,0,0,152,543,0.279926335175,0
161,TRADDRF128F145869F,1981,0,0,53,215,0.246511627907,0
162,TRADESF128F4214D8E,1986,0,0,104,319,0.326018808777,0
163,TRADFAQ128F428AC13,2003,0,0,54,140,0.385714285714,0
164,TRADFID128F4267231,1995,0,0,69,189,0.365079365079,0
165,TRADFII128F931FC9F,2008,0,0,90,228,0.394736842105,0
166,TRADFOJ128F425107D,1997,0,0,205,632,0.324367088608,0
167,TRADFOQ128F9335409,1996,0,0,56,93,0.602150537634,0
168,TRADFQK128F422B492,1999,0,0,79,126,0.626984126984,0
169,TRADFXD128F424694C,2007,0,0,109,256,0.42578125,0
170,TRADGLP128F427A172,1993,0,0,48,224,0.214285714286,0
171,TRADGXI128F92EF28F,2009,1,1,132,433,0.304849884527,0
172,TRADHGK128F428A000,1997,1,1,103,187,0.550802139037,0
173,TRADHLD128F4241363,2006,0,0,49,139,0.352517985612,0
174,TRADHLI128F428FEFD,1987,0,0,69,122,0.565573770492,0
175,TRADHXU12903CB4400,2008,0,0,91,470,0.193617021277,0
176,TRADJAO128F146D76E,1991,0,0,115,256,0.44921875,0
177,TRADJGI128F148B0F6,2003,0,0,101,290,0.348275862069,0
178,TRADJHU128F425459F,2007,0,0,59,99,0.59595959596,0
179,TRADJKG12903CE049F,2008,0,0,58,218,0.266055045872,0
180,TRADJSM128F14894AA,2006,0,0,79,277,0.285198555957,0
181,TRADKAX128E0786B92,2004,0,0,84,202,0.415841584158,0
182,TRADKDX128F9320676,2007,0,0,30,151,0.198675496689,0
183,TRADKLT128F9304E1D,2007,0,0,95,177,0.536723163842,0
184,TRADLYD128F92FEBFF,1993,11,1,80,263,0.304182509506,0
185,TRADMAJ128F92F566E,2001,0,0,46,114,0.40350877193,0
186,TRADMFK12903CC2478,2004,0,0,58,136,0.426470588235,0
187,TRADNRG128F4295A0E,1970,0,0,122,252,0.484126984127,0
188,TRADNRU128F428AC6D,1982,0,0,115,255,0.450980392157,0
189,TRADOAJ128F428DA46,2002,0,0,36,53,0.679245283019,0
190,TRADODV128F4283EB6,2004,21,1,161,468,0.344017094017,0
191,TRADOSF128F9338ADB,1995,0,0,55,102,0.539215686275,0
192,TRADOZB128F42312BB,1997,0,0,104,194,0.536082474227,0
193,TRADPDI128F92EBD32,2004,0,0,22,50,0.44,0
194,TRADPPX128E078B0BC,1993,0,0,67,152,0.440789473684,0
195,TRADQBK128F92E8B5F,2009,0,0,97,311,0.311897106109,0
196,TRADQJL128F92D9957,2008,0,0,108,373,0.289544235925,0
197,TRADRED12903CA4B7C,2008,0,0,42,135,0.311111111111,0
198,TRADRHX12903CCD1DF,2002,0,0,73,228,0.320175438596,0
199,TRADRJK128E078F041,1996,0,0,90,153,0.588235294118,0
200,TRADSQZ128F42707D7,1995,0,0,64,136,0.470588235294,0
201,TRADUOU12903CF4323,2007,1,1,120,231,0.519480519481,0
202,TRADVSU128E0786371,2004,0,0,79,214,0.369158878505,0
203,TRADWAU128F145622F,1977,0,0,69,215,0.320930232558,0
204,TRADXCF128EF357134,2006,0,0,59,186,0.317204301075,0
205,TRADXMA128F4276D94,2000,17,1,150,355,0.422535211268,0
206,TRADXNV128F42B4DFE,1985,0,0,128,293,0.436860068259,0
207,TRADYJM128F427E05B,1994,0,0,40,104,0.384615384615,0
208,TRADZXK128F429DB92,2004,14,1,155,404,0.383663366337,0
209,TRADZZP128F428BCE6,2006,1,1,195,453,0.430463576159,0
210,TRAEASY128F148247C,2006,0,0,50,74,0.675675675676,0
211,TRAEAZV12903D0CBA6,1999,0,0,133,263,0.505703422053,0
212,TRAEBXS128F429933A,2001,0,0,132,392,0.336734693878,0
213,TRAECBR128F429F8C0,2003,0,0,75,258,0.290697674419,0
214,TRAECWI128F4226133,1995,0,0,42,53,0.792452830189,0
215,TRAEDYD128F425A868,2004,0,0,102,178,0.573033707865,0
216,TRAEFDK128F1473B92,1968,0,0,69,120,0.575,0
217,TRAEFON128E078C6F8,1971,0,0,74,213,0.347417840376,0
218,TRAEGUL128E078B0C1,1993,0,0,74,161,0.459627329193,0
219,TRAEHNA128F423786C,2005,0,0,77,195,0.394871794872,0
220,TRAEHXW128F146F3C5,1977,0,0,127,298,0.426174496644,0
221,TRAEMGL128F4266177,1995,0,0,71,202,0.351485148515,0
222,TRAENGX12903CBDFF6,2006,0,0,45,115,0.391304347826,0
223,TRAENVO128E0781A16,1998,1,1,92,223,0.412556053812,0
224,TRAEOBA12903CAFAB0,2009,0,0,43,95,0.452631578947,0
225,TRAEOGO128F93302B9,2005,0,0,74,163,0.453987730061,0
226,TRAEOMS128F4262357,1994,1,1,20,26,0.769230769231,0
227,TRAEOOH128F934ACD4,1997,2,1,68,209,0.325358851675,0
228,TRAEOUE128F93187B9,2009,4,1,82,240,0.341666666667,0
229,TRAEPAW128F4285BAB,1996,0,0,44,119,0.36974789916,0
230,TRAEPGH128F9343CD8,1989,0,0,38,127,0.299212598425,0
231,TRAEPGQ128F932AE6D,1994,0,0,64,172,0.372093023256,0
232,TRAEPZJ12903CB00C4,2001,0,0,83,154,0.538961038961,0
233,TRAEQZR128F92E9D73,1963,0,0,73,208,0.350961538462,0
234,TRAEROB12903CE3E7D,2009,0,0,203,590,0.34406779661,0
235,TRAERPT128F931103E,1964,0,0,77,288,0.267361111111,0
236,TRAESDC12903CCEA5E,1982,0,0,99,166,0.596385542169,0
237,TRAESJK128E0792227,2004,12,1,226,507,0.445759368836,0
238,TRAETAG128F93385AE,1991,0,0,89,230,0.386956521739,0
239,TRAETPQ128F92E562A,2003,0,0,33,89,0.370786516854,0
240,TRAETTV12903CBBD09,1994,0,0,33,73,0.452054794521,0
241,TRAETYC128F933BBF4,2001,0,0,97,228,0.425438596491,0
242,TRAEUHN128F92E2C7F,1998,0,0,76,273,0.278388278388,0
243,TRAEUIW12903D018F0,2010,0,0,80,216,0.37037037037,0
244,TRAEUVH128F422559A,2005,0,0,43,116,0.370689655172,0
245,TRAEVHU128F92D9EA0,2009,0,0,107,314,0.34076433121,0
246,TRAEVRI128F93608F3,2003,0,0,111,330,0.336363636364,0
247,TRAEVRU128F4263351,1984,0,0,40,57,0.701754385965,0
248,TRAEWLF128F42B1F89,2007,0,0,69,113,0.610619469027,0
249,TRAEXEA128F933C67D,1988,0,0,63,269,0.234200743494,0
250,TRAEXHW128F92E2602,2006,3,1,260,872,0.298165137615,0
251,TRAEXTM128E07811E1,2004,0,0,104,379,0.274406332454,0
252,TRAEZFJ128F422A5C0,2006,0,0,31,94,0.329787234043,0
253,TRAFAAS12903CF0BE2,1999,0,0,51,190,0.268421052632,0
254,TRAFABO128F933DE53,2004,0,0,37,48,0.770833333333,0
255,TRAFAID128F4243DAF,1996,0,0,102,316,0.322784810127,0
256,TRAFAJC128E078888B,2005,0,0,69,107,0.644859813084,0
257,TRAFAQY12903CA70F7,2003,2,1,114,218,0.522935779817,0
258,TRAFBVU128F426B3F6,2007,0,0,71,129,0.550387596899,0
259,TRAFCVI128C7196BE6,1991,0,0,122,355,0.343661971831,0
260,TRAFEEO12903CFEC87,2008,0,0,94,202,0.465346534653,0
261,TRAFGMJ128F930F532,1994,0,0,129,218,0.591743119266,0
262,TRAFHJI128F9302CFF,2008,1,1,75,108,0.694444444444,0
263,TRAFHWP128F9333343,2000,0,0,78,167,0.467065868263,0
264,TRAFIHK12903CBDFF1,2006,0,0,26,117,0.222222222222,0
265,TRAFIQB128F423DCBA,1991,0,0,45,123,0.365853658537,0
266,TRAFJIW128E078E1DE,2000,0,0,174,535,0.32523364486,0
267,TRAFJVH128F42BC25E,2000,23,1,212,490,0.432653061224,0
268,TRAFKDG12903CAB85C,2009,0,0,100,323,0.30959752322,0
269,TRAFKRE128F932002B,2008,0,0,133,515,0.258252427184,0
270,TRAFLZY128F148959F,2006,3,1,107,400,0.2675,0
271,TRAFMIA128F92E2B2B,2003,1,1,101,176,0.573863636364,0
272,TRAFMME128F932B4D5,2009,3,1,54,219,0.246575342466,0
273,TRAFMPX128F4246C49,2005,1,1,69,309,0.223300970874,0
274,TRAFOKY128F4276D91,2000,7,1,178,319,0.557993730408,0
275,TRAFOKY128F92ED751,2008,0,0,68,251,0.270916334661,0
276,TRAFQFD128F9343706,2001,0,0,65,112,0.580357142857,0
277,TRAFQFM128E078EC97,2000,8,1,246,850,0.289411764706,0
278,TRAFRCH12903CEA22D,2001,1,1,68,223,0.304932735426,0
279,TRAFRKU128F933CE16,1996,0,0,101,245,0.412244897959,0
280,TRAFRVU128F42649A6,1995,0,0,64,139,0.460431654676,0
281,TRAFRYJ128F92E638B,1994,0,0,52,251,0.207171314741,0
282,TRAFTCT128F425A900,2005,0,0,58,170,0.341176470588,0
283,TRAFTFF128F930F77C,2000,6,1,93,386,0.240932642487,0
284,TRAFTMA128F933A3D7,1993,0,0,87,168,0.517857142857,0
285,TRAFUWI128F934C730,1995,0,0,56,81,0.691358024691,0
286,TRAFVDV128F42936BA,1982,0,0,72,144,0.5,0
287,TRAFWEV128F428D391,1998,0,0,48,160,0.3,0
288,TRAFYAV128F42ACA8C,2005,0,0,90,248,0.362903225806,0
289,TRAFYGA128F425A92C,1986,0,0,104,302,0.344370860927,0
290,TRAFYGO128F42727E7,2003,0,0,94,417,0.225419664269,0
291,TRAFYYU128F4229376,2007,3,1,102,261,0.390804597701,0
292,TRAFZHK128F145E86B,2001,0,0,88,506,0.173913043478,0
293,TRAFZIM128F427D344,1983,0,0,19,40,0.475,0
294,TRAFZRL128F428E465,2007,1,1,92,229,0.401746724891,0
295,TRAGAGQ128E0781352,1981,0,0,37,164,0.225609756098,0
296,TRAGALM128F4236C86,2003,3,1,113,323,0.349845201238,0
297,TRAGAVF128F424829B,1983,0,0,60,230,0.260869565217,0
298,TRAGBND128F92FC400,2000,0,0,35,44,0.795454545455,0
299,TRAGBPI128E0792998,1991,3,1,247,750,0.329333333333,0
300,TRAGCTZ128F4290974,1986,0,0,78,239,0.326359832636,0
301,TRAGDCN128F92F9050,1989,0,0,82,155,0.529032258065,0
302,TRAGDFG128F42934A0,2001,0,0,92,204,0.450980392157,0
303,TRAGDLM128F4233397,2005,0,0,89,255,0.349019607843,0
304,TRAGDPH128F9344020,2006,0,0,82,164,0.5,0
305,TRAGDRH128F93182E1,2000,5,1,127,391,0.324808184143,0
306,TRAGEQI128F429154D,2005,0,0,63,96,0.65625,0
307,TRAGETA128F4272C38,2006,0,0,40,83,0.481927710843,0
308,TRAGEXH12903CB4C10,1967,0,0,69,164,0.420731707317,0
309,TRAGFQG128F42418D5,2005,4,1,180,493,0.365111561866,0
310,TRAGGMY12903CD9533,2009,0,0,38,96,0.395833333333,0
311,TRAGGVS128F4250CE8,2002,0,0,104,152,0.684210526316,0
312,TRAGHJX128F426F76F,1978,0,0,94,286,0.328671328671,0
313,TRAGIKK128F42424EF,2005,0,0,61,160,0.38125,0
314,TRAGJPA128F92F9665,2009,0,0,42,50,0.84,0
315,TRAGJQL128E078E840,1995,0,0,87,280,0.310714285714,0
316,TRAGJYM128F934B753,2007,4,1,69,144,0.479166666667,0
317,TRAGKMU128F429757E,2005,0,0,51,152,0.335526315789,0
318,TRAGKTN128F933C68B,1988,0,0,27,200,0.135,0
319,TRAGKUI128F92F4698,1999,0,0,92,154,0.597402597403,0
320,TRAGLAE12903CFFEED,2008,1,1,140,233,0.600858369099,0
321,TRAGLFE128F428566B,1999,0,0,96,223,0.430493273543,0
322,TRAGLMS128F425FE0A,1988,0,0,73,240,0.304166666667,0
323,TRAGLSU128F145FFB2,2002,1,1,205,638,0.32131661442,0
324,TRAGLZM128F931C995,1992,0,0,92,418,0.22009569378,0
325,TRAGMXK128F9305A50,1998,0,0,49,94,0.521276595745,0
326,TRAGNBQ128F149CB93,2007,0,0,111,254,0.437007874016,0
327,TRAGNGY12903C9CD76,2009,0,0,72,361,0.19944598338,0
328,TRAGNUI128F1471068,1978,1,1,72,192,0.375,0
329,TRAGOVG128F42A963D,1999,1,1,63,263,0.239543726236,0
330,TRAGPAF128EF34542A,2007,0,0,80,242,0.330578512397,0
331,TRAGPEA128F422B47E,2001,0,0,38,52,0.730769230769,0
332,TRAGQQK128F42561AB,1967,0,0,58,103,0.563106796117,0
333,TRAGQVO128F145C0AF,1991,1,1,107,162,0.66049382716,0
334,TRAGSGF128E0780CA7,2002,0,0,43,164,0.262195121951,0
335,TRAGSJQ128F149EF8D,2001,1,1,122,187,0.652406417112,0
336,TRAGSZA128F146A11A,1973,0,0,79,247,0.31983805668,0
337,TRAGVAO128F4289B5D,1995,20,1,309,882,0.350340136054,0
338,TRAGVRL128F4264526,1990,0,0,105,376,0.279255319149,0
339,TRAGWJK12903CE640F,1990,2,1,181,462,0.391774891775,0
340,TRAGWMO12903CFD994,2001,0,0,53,79,0.670886075949,0
341,TRAGWTT128F148CF2C,1997,0,0,120,321,0.373831775701,0
342,TRAGYJM128EF3466D2,2007,0,0,61,170,0.358823529412,0
343,TRAGZCW128EF34B85B,2006,0,0,11,40,0.275,0
344,TRAGZHM12903CAEF3A,2010,0,0,81,263,0.307984790875,0
345,TRAHBOC128F9322A62,1998,0,0,81,127,0.637795275591,0
346,TRAHBQT128F4213403,1999,0,0,151,272,0.555147058824,0
347,TRAHCBD128F9336A3E,1984,0,0,66,277,0.238267148014,0
348,TRAHCHN128F4276D58,2001,0,0,37,175,0.211428571429,0
349,TRAHCVT128F4282806,1989,0,0,68,106,0.641509433962,0
350,TRAHEQC128F42153D6,1995,0,0,47,93,0.505376344086,0
351,TRAHFHR12903CCCAF8,2006,0,0,65,307,0.211726384365,0
352,TRAHFOU128F42B3F2A,1997,38,1,315,822,0.383211678832,0
353,TRAHFYH128F92CE223,2008,2,1,142,418,0.33971291866,0
354,TRAHHMV12903CD0B0D,2009,0,0,115,392,0.293367346939,0
355,TRAHHSV128F42374E3,2005,0,0,53,132,0.401515151515,0
356,TRAHIJE128F4243356,1995,2,1,55,96,0.572916666667,0
357,TRAHIPA128F4279744,2000,0,0,77,390,0.197435897436,0
358,TRAHJCI128F92FFB38,1989,1,1,226,527,0.428842504744,0
359,TRAHJPC128F4268DC7,1999,0,0,67,138,0.485507246377,0
360,TRAHKMS128F934B09E,2000,2,1,109,246,0.443089430894,0
361,TRAHKRO128F9320EA7,2006,1,1,94,251,0.374501992032,0
362,TRAHLDM128F933A3B1,1975,0,0,67,103,0.650485436893,0
363,TRAHLIF128F92E9CCF,2004,0,0,90,296,0.304054054054,0
364,TRAHLNJ128F4214527,1999,0,0,64,118,0.542372881356,0
365,TRAHLVW128F426684F,1996,0,0,37,62,0.596774193548,0
366,TRAHMIV128F14693DC,1988,0,0,63,219,0.287671232877,0
367,TRAHNPU128F42AEE9C,1988,0,0,148,293,0.505119453925,0
368,TRAHOOP128F42B62AB,2002,29,1,294,885,0.332203389831,0
369,TRAHORF12903CDA9FB,2007,0,0,37,46,0.804347826087,0
370,TRAHPHY128F9345BA0,1998,0,0,84,149,0.563758389262,0
371,TRAHRRS128F4282F7A,2007,0,0,143,285,0.501754385965,0
372,TRAHSAW128F4253EFC,2003,0,0,87,160,0.54375,0
373,TRAHUQT128F4281228,2005,0,0,47,139,0.338129496403,0
374,TRAHVWT128F148D428,1990,15,1,174,340,0.511764705882,0
375,TRAHVZW128F146477A,2002,2,1,116,221,0.524886877828,0
376,TRAHWBP12903CAEBFC,2010,0,0,68,130,0.523076923077,0
377,TRAHXEG128F428F1EC,2002,0,0,83,311,0.266881028939,0
378,TRAHXGG128F9350452,2003,17,1,86,342,0.251461988304,0
379,TRAHXWI128F428B7DA,2001,0,0,84,223,0.37668161435,0
380,TRAHYDH128F9325200,2008,0,0,66,129,0.511627906977,0
381,TRAHYMJ128E0787801,2002,1,1,114,323,0.352941176471,0
382,TRAHYON12903CC36EF,1997,0,0,40,86,0.46511627907,0
383,TRAHZIL12903CF1DC2,1996,0,0,146,380,0.384210526316,0
384,TRAHZMM128E07838FF,1992,0,0,69,264,0.261363636364,0
385,TRAIACZ128F428C60A,2005,2,1,143,354,0.40395480226,0
386,TRAIATD128F9331CD6,1994,0,0,74,439,0.168564920273,0
387,TRAIBXJ128F4260700,1991,14,1,372,931,0.399570354458,0
388,TRAIBXQ128F425E6A5,2007,1,1,84,260,0.323076923077,0
389,TRAICIL128F42598E2,2000,0,0,69,199,0.346733668342,0
390,TRAICJQ12903CF2681,2006,1,1,75,114,0.657894736842,0
391,TRAIELD128F92DC682,2003,1,1,94,288,0.326388888889,0
392,TRAIFSM128F42722F1,2007,0,0,80,210,0.380952380952,0
393,TRAIGSC128F933BBD7,1999,0,0,57,116,0.491379310345,0
394,TRAIHFF128EF351817,1975,0,0,70,237,0.295358649789,0
395,TRAIJMG12903D08168,1992,0,0,40,87,0.459770114943,0
396,TRAIKBB128F428AD73,2001,0,0,73,206,0.354368932039,0
397,TRAIKSH128E07816DF,1996,15,1,160,377,0.424403183024,0
398,TRAILKS128F14A3AC9,2006,0,0,148,341,0.434017595308,0
399,TRAILLW128F4278C90,1994,0,0,50,138,0.36231884058,0
400,TRAINIF128F426416B,2000,0,0,113,413,0.273607748184,0
401,TRAIOBB128F146A944,2000,0,0,69,159,0.433962264151,0
402,TRAIOWX128F14750E5,2002,8,1,195,469,0.415778251599,0
403,TRAIPST128F9302AE9,2009,18,1,287,1053,0.272554605888,0
404,TRAIPZY128E0787299,2000,0,0,62,233,0.266094420601,0
405,TRAIQDI128F92E8E1F,1998,0,0,53,183,0.289617486339,0
406,TRAIQKO128F92E5970,1987,0,0,43,117,0.367521367521,0
407,TRAIQUG128F92F946E,2008,0,0,76,134,0.567164179104,0
408,TRAIQVJ128F93235B3,2009,0,0,45,178,0.252808988764,0
409,TRAISYO128E07888A6,2005,0,0,96,245,0.391836734694,0
410,TRAISYU128F427F486,2005,1,1,133,451,0.294900221729,0
411,TRAITDY128F149431C,1990,0,0,99,203,0.487684729064,0
412,TRAITHR128F42B7E26,2002,0,0,76,175,0.434285714286,0
413,TRAIUPS128F92F2825,2004,6,1,110,271,0.405904059041,0
414,TRAIUYZ128F425BD2F,2004,0,0,33,82,0.40243902439,0
415,TRAIVMM128F4266056,1994,0,0,86,170,0.505882352941,0
416,TRAIWNA128F145E2CD,1978,0,0,53,190,0.278947368421,0
417,TRAIWQJ128F4287A6F,2005,4,1,69,185,0.372972972973,0
418,TRAIWZZ128F9306AFF,1996,0,0,45,154,0.292207792208,0
419,TRAIYDL128E0791583,2005,0,0,91,478,0.190376569038,0
420,TRAIZQI128F42A51F9,2004,0,0,111,205,0.541463414634,0
421,TRAIZWI128F4247EFD,2008,0,0,83,209,0.397129186603,0
422,TRAJAZP128F4290FF9,2004,0,0,61,97,0.628865979381,0
423,TRAJBGL128F145C7A8,1992,0,0,123,569,0.216168717047,0
424,TRAJBJG128F14A1EA1,1985,0,0,108,309,0.349514563107,0
425,TRAJBSL128F428A021,1990,0,0,34,115,0.295652173913,0
426,TRAJCLY128F930F893,2003,10,1,259,643,0.402799377916,0
427,TRAJDGB128F42882AC,1994,34,1,297,962,0.308731808732,0
428,TRAJDTK128F429FFDF,1994,0,0,65,220,0.295454545455,0
429,TRAJEBQ128F146E00E,2005,0,0,122,282,0.432624113475,0
430,TRAJEZT128E0795DF3,1999,0,0,71,171,0.415204678363,0
431,TRAJFDU128F426A5F4,1997,0,0,39,141,0.276595744681,0
432,TRAJFFF128F429874A,2005,0,0,66,238,0.27731092437,0
433,TRAJFQF128F92E354E,2005,0,0,82,304,0.269736842105,0
434,TRAJFRJ128F9328FF1,2002,0,0,77,256,0.30078125,0
435,TRAJHCO128F42570C1,2002,0,0,140,527,0.265654648956,0
436,TRAJHDR128F92FA863,1997,0,0,62,89,0.696629213483,0
437,TRAJIIR128F149AE01,2004,0,0,42,86,0.488372093023,0
438,TRAJIUK128F42668E6,1990,0,0,56,291,0.192439862543,0
439,TRAJLEC128F93385A1,1985,0,0,81,243,0.333333333333,0
440,TRAJMEL128F4262B4A,1986,0,0,117,195,0.6,0
441,TRAJMQE128F9322DDD,1994,0,0,32,66,0.484848484848,0
442,TRAJMZL12903CA4807,2009,0,0,119,267,0.445692883895,0
443,TRAJNWY128E078907F,2004,0,0,26,164,0.158536585366,0
444,TRAJPIK128F1460C83,2003,15,1,148,312,0.474358974359,0
445,TRAJPIQ128F14819A8,2006,0,0,93,158,0.588607594937,0
446,TRAJPPJ128F1497140,1979,0,0,64,117,0.547008547009,0
447,TRAJPPX128F4259FD4,1982,0,0,59,228,0.258771929825,0
448,TRAJRBF12903CDCA3F,2005,0,0,58,79,0.73417721519,0
449,TRAJRTY128F426CF1F,1991,0,0,84,151,0.556291390728,0
450,TRAJSFB128F4270AED,1995,0,0,43,103,0.417475728155,0
451,TRAJSNU128F92F2AC0,2008,0,0,79,221,0.357466063348,0
452,TRAJSQA128F4263330,2008,0,0,81,177,0.457627118644,0
453,TRAJSRH128F425DDC7,2007,0,0,134,553,0.242314647378,0
454,TRAJTDG128E0792698,2000,1,1,163,602,0.270764119601,0
455,TRAJTYX128F145AD24,1975,0,0,59,131,0.450381679389,0
456,TRAJXNB128F4261F43,1996,0,0,76,179,0.424581005587,0
457,TRAJZCH128F933D2B7,1989,0,0,108,279,0.387096774194,0
458,TRAJZYI128F424B412,1989,0,0,65,143,0.454545454545,0
459,TRAKAGL128F148B3B7,1986,0,0,80,208,0.384615384615,0
460,TRAKARY128F427253E,2003,0,0,118,292,0.404109589041,0
461,TRAKBON128F9311039,1964,0,0,64,202,0.316831683168,0
462,TRAKCAE128F92DACD8,1994,0,0,57,181,0.314917127072,0
463,TRAKDCQ128F42A247A,1989,1,1,242,679,0.356406480118,0
464,TRAKDDB128F92D168A,1979,0,0,75,203,0.369458128079,0
465,TRAKDMK128F92F9AFC,2009,0,0,93,284,0.327464788732,0
466,TRAKFSV128F4257C10,2001,2,1,19,28,0.678571428571,0
467,TRAKFYU128F4283EB5,2004,17,1,195,436,0.447247706422,0
468,TRAKGAX128F4264182,1979,0,0,48,178,0.269662921348,0
469,TRAKGDZ12903CE4867,2010,0,0,106,221,0.47963800905,0
470,TRAKGGU128F428D83C,1998,0,0,77,223,0.345291479821,0
471,TRAKHUW12903CF0048,1998,0,0,88,127,0.692913385827,0
472,TRAKHXX128E07877EB,1999,0,0,99,808,0.122524752475,0
473,TRAKHYP128E0792F07,1996,0,0,89,226,0.393805309735,0
474,TRAKJTB128F148C560,1993,19,1,168,358,0.469273743017,0
475,TRAKJYQ128F934B22E,2003,0,0,42,74,0.567567567568,0
476,TRAKKOH128F42AF40E,2007,0,0,56,163,0.343558282209,0
477,TRAKLEZ128F4270649,2005,1,1,102,183,0.55737704918,0
478,TRAKLHO128F42BA554,1972,1,1,107,282,0.379432624113,0
479,TRAKLML128E07999DA,2005,0,0,84,413,0.203389830508,0
480,TRAKMGY128F4269E37,1996,0,0,81,258,0.313953488372,0
481,TRAKMLM128F14932B0,1992,0,0,97,234,0.41452991453,0
482,TRAKMUO128F4215890,1995,0,0,46,94,0.489361702128,0
483,TRAKOEB128F1478783,2006,0,0,119,305,0.390163934426,0
484,TRAKOPE128F421CE6A,1995,0,0,64,173,0.369942196532,0
485,TRAKORW128F1484DF0,1993,0,0,68,175,0.388571428571,0
486,TRAKOXF128F1477B81,1986,0,0,79,249,0.317269076305,0
487,TRAKPJC128F4258613,2005,3,1,101,349,0.289398280802,0
488,TRAKPSR128F146A1DC,1994,0,0,55,101,0.544554455446,0
489,TRAKQXJ128F147A028,2006,0,0,62,200,0.31,0
490,TRAKREH128F42750C6,2003,0,0,94,195,0.482051282051,0
491,TRAKRQK12903CB3006,2006,0,0,77,165,0.466666666667,0
492,TRAKRQW128F427D6E3,1999,0,0,101,384,0.263020833333,0
493,TRAKRXM128F4250E33,1996,0,0,36,139,0.258992805755,0
494,TRAKSPS128F933B3D9,2005,0,0,70,164,0.426829268293,0
495,TRAKTZY128F148C55C,1993,0,0,195,412,0.473300970874,0
496,TRAKUJS128F14668E5,1996,0,0,46,148,0.310810810811,0
497,TRAKUKL128F4295046,1993,0,0,42,102,0.411764705882,0
498,TRAKVSG128EF34E609,2003,0,0,48,103,0.466019417476,0
499,TRAKWNL12903CC37B6,2009,1,1,103,291,0.353951890034,0
500,TRAKWTG128F42454E2,2008,0,0,74,241,0.307053941909,0
501,TRAKWXS128F930F798,2002,0,0,25,72,0.347222222222,0
502,TRAKWXV128F42889FB,2003,0,0,52,197,0.263959390863,0
503,TRAKXIR128F92CF85A,2003,0,0,76,145,0.524137931034,0
504,TRAKXYJ128F42525ED,1992,1,1,61,90,0.677777777778,0
505,TRAKYON128F429470C,1989,0,0,34,80,0.425,0
506,TRAKYWY128F9310CF4,1993,0,0,56,150,0.373333333333,0
507,TRAKYXS128F4248FE3,2008,0,0,80,292,0.27397260274,0
508,TRALAKV12903CBD7F6,1983,0,0,82,197,0.416243654822,0
509,TRALAZG128F93170BF,2006,0,0,2,2,1.0,0
510,TRALBFX12903D00703,2009,0,0,104,176,0.590909090909,0
511,TRALBIA128F4272082,2007,0,0,98,408,0.240196078431,0
512,TRALCCO12903CEBB97,1976,1,1,53,179,0.296089385475,0
513,TRALDDK128F9300AC5,2005,0,0,67,248,0.270161290323,0
514,TRALDEZ128F4265BF7,1983,0,0,44,56,0.785714285714,0
515,TRALDSB12903CB4242,2000,3,1,122,220,0.554545454545,0
516,TRALDUE128F9312AF2,2009,0,0,81,270,0.3,0
517,TRALDWN128EF33FB6E,1990,0,0,12,79,0.151898734177,0
518,TRALECB128F42A35E8,1997,0,0,89,293,0.303754266212,0
519,TRALENK128F92F39E9,1980,0,0,54,115,0.469565217391,0
520,TRALEPN128F9311179,2004,2,1,80,213,0.37558685446,0
521,TRALFBU12903CC030F,2006,0,0,62,112,0.553571428571,0
522,TRALGCD128F42A6346,2006,4,1,127,305,0.416393442623,0
523,TRALGJT12903CC460F,2001,21,1,229,490,0.467346938776,0
524,TRALHIQ12903D00496,2009,0,0,68,88,0.772727272727,0
525,TRALHMS128F930C08C,2009,0,0,66,155,0.425806451613,0
526,TRALJVQ128F428C764,2007,0,0,92,256,0.359375,0
527,TRALKHJ128F92E9D36,1962,0,0,73,152,0.480263157895,0
528,TRALLOU12903CC36FE,1994,0,0,51,93,0.548387096774,0
529,TRALLQJ128F933C68A,1988,0,0,105,346,0.303468208092,0
530,TRALLRJ128F428CB6F,2001,0,0,129,212,0.608490566038,0
531,TRALLSP128F148AD75,2001,4,1,117,358,0.326815642458,0
532,TRALMTD128E07862AC,1992,4,1,173,470,0.368085106383,0
533,TRALNJR128F145AC96,1989,1,1,206,490,0.420408163265,0
534,TRALNOD128F4264AEB,1984,1,1,138,524,0.263358778626,0
535,TRALOBE12903CDA6C5,2000,0,0,53,131,0.404580152672,0
536,TRALOUF128F422F329,2006,0,0,80,225,0.355555555556,0
537,TRALPGW12903CAFFB5,2002,1,1,50,87,0.574712643678,0
538,TRALPKG12903CDCA8A,2009,4,1,49,116,0.422413793103,0
539,TRALPOE128F4272278,2002,0,0,60,96,0.625,0
540,TRALPQV128F424F989,2001,0,0,38,82,0.463414634146,0
541,TRALQGZ128F146F500,2005,0,0,81,245,0.330612244898,0
542,TRALROP128F92CA9CC,1999,0,0,74,227,0.325991189427,0
543,TRALRTY128F428BE43,1999,1,1,167,534,0.312734082397,0
544,TRALSAJ128F92EDC84,1991,0,0,65,181,0.359116022099,0
545,TRALSOA128F4275F49,1998,0,0,43,90,0.477777777778,0
546,TRALTKQ128F932DA67,1999,1,1,143,406,0.352216748768,0
547,TRALTTR12903C9E32E,1998,0,0,21,179,0.117318435754,0
548,TRALTZZ12903CB7DD0,1995,0,0,75,149,0.503355704698,0
549,TRALUAQ128F427EB26,2003,34,1,179,548,0.326642335766,0
550,TRALULA128F932B9D0,1998,0,0,71,133,0.533834586466,0
551,TRALUTY128F9322DC0,1994,0,0,22,90,0.244444444444,0
552,TRALYQN128F42624E1,1999,0,0,68,101,0.673267326733,0
553,TRALZTM128F92EC5F0,1996,0,0,109,448,0.243303571429,0
554,TRALZXZ128F92E26EF,1988,0,0,73,218,0.334862385321,0
555,TRAMARM128E0796A50,2005,0,0,114,446,0.255605381166,0
556,TRAMBBV128F9337714,1998,0,0,86,250,0.344,0
557,TRAMBFD128EF34B848,2007,9,1,217,594,0.36531986532,0
558,TRAMBHU128F425A620,1987,0,0,100,260,0.384615384615,0
559,TRAMBLO128F4287D24,1993,1,1,215,794,0.270780856423,0
560,TRAMBNF128F426FBB6,2005,2,1,100,329,0.303951367781,0
561,TRAMBPW128F9337F71,1975,0,0,52,85,0.611764705882,0
562,TRAMCGL128F92F3D87,2003,0,0,76,219,0.34703196347,0
563,TRAMCGR128F427DE28,2002,0,0,53,115,0.460869565217,0
564,TRAMCLN128F9302E27,2000,0,0,64,151,0.423841059603,0
565,TRAMCND128F1466ACF,1994,17,1,217,720,0.301388888889,0
566,TRAMDUW12903CB5100,2008,5,1,115,293,0.392491467577,0
567,TRAMEBP12903CD7EEA,1980,0,0,58,84,0.690476190476,0
568,TRAMEDG128E07933F4,2002,0,0,103,363,0.283746556474,0
569,TRAMEEC128F9307A54,1992,0,0,69,237,0.291139240506,0
570,TRAMESI128F93509F7,2007,0,0,67,224,0.299107142857,0
571,TRAMFHI12903CB4349,2003,2,1,118,204,0.578431372549,0
572,TRAMFRD128E07833DA,1998,0,0,89,247,0.36032388664,0
573,TRAMGJJ128F421487E,2004,0,0,97,249,0.389558232932,0
574,TRAMGPM128F9311196,2004,0,0,134,348,0.385057471264,0
575,TRAMGQR128E0786CA7,1991,0,0,37,98,0.377551020408,0
576,TRAMHMO128F93167EA,2004,0,0,45,73,0.616438356164,0
577,TRAMIGP128F9335408,1996,0,0,58,132,0.439393939394,0
578,TRAMIUD128E07825DB,1992,0,0,133,344,0.386627906977,0
579,TRAMKKJ128F1463612,1991,0,0,28,200,0.14,0
580,TRAMLGE128F92F81DD,2009,0,0,89,367,0.242506811989,0
581,TRAMLQC128F429222A,1995,0,0,38,134,0.283582089552,0
582,TRAMLZC128F92F3EB9,2003,0,0,48,283,0.16961130742,0
583,TRAMMAF128F93051B0,2001,0,0,43,192,0.223958333333,0
584,TRAMMDM128F425EAA9,2007,0,0,141,732,0.19262295082,0
585,TRAMMFP12903CB59C2,2007,0,0,93,215,0.432558139535,0
586,TRAMMQW128F42621E1,2000,0,0,61,173,0.352601156069,0
587,TRAMNDH128F425C33D,1986,0,0,41,86,0.476744186047,0
588,TRAMNVF128F92DE562,2000,0,0,46,78,0.589743589744,0
589,TRAMODP128F426247B,2000,21,1,158,646,0.244582043344,0
590,TRAMOGA12903CB4421,2008,0,0,95,295,0.322033898305,0
591,TRAMOLS128F92F99E3,2004,0,0,56,98,0.571428571429,0
592,TRAMOPU128E07888FD,1993,0,0,79,145,0.544827586207,0
593,TRAMPCW128F92CC022,1966,0,0,90,156,0.576923076923,0
594,TRAMPWN128F934C221,2008,8,1,51,117,0.435897435897,0
595,TRAMRFE128F4267DF3,2004,1,1,103,443,0.232505643341,0
596,TRAMSAY128F92ED0DD,2007,0,0,81,310,0.261290322581,0
597,TRAMSSK128F92FDC80,2009,0,0,108,216,0.5,0
598,TRAMTFQ128F9352EDB,2009,0,0,67,159,0.421383647799,0
599,TRAMTIH128F933E8E4,2004,0,0,106,240,0.441666666667,0
600,TRAMTKT128F4222C3A,2001,0,0,139,256,0.54296875,0
601,TRAMTYX128F42985D0,1981,0,0,30,39,0.769230769231,0
602,TRAMUUZ128F933CA08,1989,0,0,190,422,0.450236966825,0
603,TRAMUYQ128F428CA58,2000,0,0,73,187,0.390374331551,0
604,TRAMVBZ12903CB2635,1997,0,0,53,75,0.706666666667,0
605,TRAMVOM128F42ACB16,1998,0,0,101,258,0.391472868217,0
606,TRAMWOH12903CA8BA0,1977,0,0,48,117,0.410256410256,0
607,TRAMXPQ128F148B0C2,2003,0,0,103,265,0.388679245283,0
608,TRANADU128F9345BC8,1998,0,0,99,278,0.356115107914,0
609,TRANAIE128F146E588,1999,0,0,60,239,0.251046025105,0
610,TRANALJ128F9318BAF,2007,0,0,59,135,0.437037037037,0
611,TRANBMY128F426416A,1989,0,0,103,193,0.533678756477,0
612,TRANCCN128E0794B18,2005,2,1,88,309,0.284789644013,0
613,TRANCFS12903C9B61B,1996,0,0,78,222,0.351351351351,0
614,TRANCOH128F422F31D,2006,0,0,43,108,0.398148148148,0
615,TRANCOS128F4267DFB,2004,0,0,98,270,0.362962962963,0
616,TRANCSE128F93044F1,1998,0,0,59,275,0.214545454545,0
617,TRANDEK128F4259EBC,1980,0,0,76,139,0.546762589928,0
618,TRANEMQ128F42A10A8,2002,2,1,83,134,0.619402985075,0
619,TRANEQB128F4284978,1987,0,0,52,189,0.275132275132,0
620,TRANGCR128F148CF28,1997,0,0,62,252,0.246031746032,0
621,TRANGIY128F427FA51,2007,0,0,51,165,0.309090909091,0
622,TRANGQX128F422F1DE,2004,1,1,74,211,0.350710900474,0
623,TRANHJV128F92D819D,2008,0,0,48,85,0.564705882353,0
624,TRANIUD12903CCE692,2007,0,0,73,196,0.372448979592,0
625,TRANIUS12903D00EC7,2009,1,1,72,168,0.428571428571,0
626,TRANIWL128F4262AB0,1998,0,0,47,111,0.423423423423,0
627,TRANIWM128F1495AB7,1991,0,0,25,31,0.806451612903,0
628,TRANJMO128F425C44D,1991,0,0,69,154,0.448051948052,0
629,TRANJSV128E0799689,2001,0,0,102,235,0.434042553191,0
630,TRANJWP128F428560C,1999,0,0,55,124,0.443548387097,0
631,TRANKIL128F1476FA2,1980,0,0,57,255,0.223529411765,0
632,TRANKYM128F428B7A4,1998,0,0,51,89,0.573033707865,0
633,TRANLHL12903CF88E5,1997,0,0,62,156,0.397435897436,0
634,TRANLRX128F4259030,2003,0,0,48,145,0.331034482759,0
635,TRANLSP128F14671CA,1994,10,1,267,660,0.404545454545,0
636,TRANMKA128F426C3B0,2008,0,0,83,500,0.166,0
637,TRANMKF128E07995A8,1996,0,0,80,322,0.248447204969,0
638,TRANMOT128F92EFF19,1992,0,0,87,210,0.414285714286,0
639,TRANMWO128F426C41A,2008,2,1,147,311,0.472668810289,0
640,TRANNCZ128F92F1D22,2008,0,0,131,249,0.526104417671,0
641,TRANOHA128F428B1CB,1984,0,0,40,81,0.493827160494,0
642,TRANOXA12903CDB0ED,2000,1,1,88,117,0.752136752137,0
643,TRANPHV128F9344CC3,2002,0,0,70,169,0.414201183432,0
644,TRANPLE128F9322D6F,1997,0,0,9,38,0.236842105263,0
645,TRANPUZ128F422B236,2007,0,0,81,158,0.512658227848,0
646,TRANPWV128F9341281,2009,0,0,97,173,0.560693641618,0
647,TRANPXL128F42B8FED,2004,0,0,51,213,0.239436619718,0
648,TRANQNS128F42739D1,2003,0,0,42,168,0.25,0
649,TRANQQZ128E079224E,2003,0,0,98,239,0.410041841004,0
650,TRANQRQ12903CC4BBB,1966,0,0,63,155,0.406451612903,0
651,TRANREH128F93462CF,1999,0,0,148,440,0.336363636364,0
652,TRANRFB128F1481F1E,1980,0,0,117,339,0.345132743363,0
653,TRANRGP128F1465737,2002,0,0,34,103,0.330097087379,0
654,TRANRIK128F148C860,1999,0,0,42,51,0.823529411765,0
655,TRANRKN128F93127BB,2007,0,0,72,167,0.431137724551,0
656,TRANRWM128F42873F9,2006,0,0,69,134,0.514925373134,0
657,TRANSUM128F92E8DF3,1998,0,0,79,209,0.377990430622,0
658,TRANSYV128F428A00C,1990,0,0,121,252,0.480158730159,0
659,TRANTAN128E078B326,1970,0,0,117,244,0.479508196721,0
660,TRANTFR128F931C7DA,2009,0,0,63,118,0.533898305085,0
661,TRANTJK128F92E5935,1995,0,0,73,323,0.22600619195,0
662,TRANTOT128F428ACD8,1992,0,0,101,172,0.587209302326,0
663,TRANULO128F422E6FE,2003,0,0,40,52,0.769230769231,0
664,TRANUME128E0789D4C,2005,0,0,53,164,0.323170731707,0
665,TRANUSB128F9343695,2009,0,0,82,207,0.3961352657,0
666,TRANUVH12903D1059F,2005,0,0,45,113,0.398230088496,0
667,TRANVKJ128F92F1561,2004,0,0,98,236,0.415254237288,0
668,TRANVMD128F933AC4A,2009,0,0,49,121,0.404958677686,0
669,TRANVML128F426ACB2,2004,2,1,59,110,0.536363636364,0
670,TRANVZT128F42AE134,2006,0,0,78,240,0.325,0
671,TRANWBG128F934AC15,1986,0,0,88,243,0.362139917695,0
672,TRANWEM128F92D75C4,2008,0,0,43,93,0.462365591398,0
673,TRANWOF12903CB3E19,2004,0,0,11,15,0.733333333333,0
674,TRANYAM12903CD9CFC,2007,0,0,42,92,0.45652173913,0
675,TRANYLM128F1477EC9,2004,0,0,92,224,0.410714285714,0
676,TRANYLR128F4271924,1990,0,0,76,197,0.38578680203,0
677,TRANZIL128F42A2670,1977,0,0,79,326,0.242331288344,0
678,TRANZTY128F424D794,1981,0,0,89,220,0.404545454545,0
679,TRAOATJ128F147FC9B,1982,0,0,100,418,0.239234449761,0
680,TRAOBKM128F92F894E,1996,0,0,75,252,0.297619047619,0
681,TRAOCOE128F4276D18,1985,0,0,97,266,0.364661654135,0
682,TRAOCSE128F4282321,2005,0,0,66,102,0.647058823529,0
683,TRAODEJ12903CC4C53,1980,1,1,85,213,0.399061032864,0
684,TRAOEAQ12903CC26BD,2008,0,0,72,118,0.610169491525,0
685,TRAOHJU128E0780CD2,2003,0,0,106,370,0.286486486486,0
686,TRAOHNR128F428CD58,1998,12,1,247,487,0.507186858316,0
687,TRAOJEW128F4294CBD,2007,0,0,168,470,0.357446808511,0
688,TRAOJMY128E07836D9,2004,1,1,58,124,0.467741935484,0
689,TRAOJZC128F14932D5,2004,0,0,87,345,0.252173913043,0
690,TRAOKSC128F4264989,1995,0,0,60,185,0.324324324324,0
691,TRAOKXG128F4232497,2005,0,0,81,129,0.627906976744,0
692,TRAOLOX128F422F02B,1981,0,0,72,122,0.590163934426,0
693,TRAOMDT12903CF73C3,2008,0,0,94,201,0.467661691542,0
694,TRAOMKV128F428CD51,1998,15,1,175,350,0.5,0
695,TRAONNA128F4268CCA,1999,25,1,249,646,0.385448916409,0
696,TRAONPF128F42480A7,2008,1,1,114,272,0.419117647059,0
697,TRAONYI128F9324BA3,1988,0,0,63,115,0.547826086957,0
698,TRAOOHM128F1453E33,2005,8,1,211,556,0.379496402878,0
699,TRAOREE128F934DB89,1997,1,1,255,564,0.452127659574,0
700,TRAORSC128F4235056,2001,0,0,49,81,0.604938271605,0
701,TRAOSDM128F93085C0,2002,0,0,27,48,0.5625,0
702,TRAOSFC128F42618F6,1994,0,0,65,219,0.296803652968,0
703,TRAOUOI128F4290E44,2000,0,0,79,206,0.383495145631,0
704,TRAOWBP128F4257C64,2008,0,0,123,321,0.383177570093,0
705,TRAOWXO128E0783F68,2004,0,0,84,278,0.302158273381,0
706,TRAOXCO128F147830B,2004,1,1,179,464,0.385775862069,0
707,TRAOXSN128F4282FB5,2003,0,0,50,78,0.641025641026,0
708,TRAOXXW128F92E8C86,2009,1,1,122,396,0.308080808081,0
709,TRAOYHS128F427EF8B,1983,0,0,78,196,0.397959183673,0
710,TRAOZEJ128F428CCEA,1996,8,1,171,327,0.522935779817,0
711,TRAOZPS128F93369C3,2008,5,1,205,466,0.43991416309,0
712,TRAPASL128F422BC00,2006,0,0,96,345,0.278260869565,0
713,TRAPAZE128F4233355,2003,2,1,77,162,0.475308641975,0
714,TRAPCHT128F4239830,2004,0,0,33,177,0.186440677966,0
715,TRAPCIQ128F4241A74,1994,0,0,43,128,0.3359375,0
716,TRAPCNK128F427D7B5,2008,0,0,9,92,0.0978260869565,0
717,TRAPDIO128F933C680,1988,0,0,71,265,0.267924528302,0
718,TRAPDQG128F93018C0,2008,0,0,57,108,0.527777777778,0
719,TRAPEHR128E0786D5A,2001,0,0,82,271,0.30258302583,0
720,TRAPEIN128E078892E,1995,0,0,78,148,0.527027027027,0
721,TRAPEPB128E07861CC,2001,24,1,126,286,0.440559440559,0
722,TRAPEPI128F4226DDD,1995,0,0,68,129,0.527131782946,0
723,TRAPESV128F92FE5E9,1987,0,0,48,162,0.296296296296,0
724,TRAPFIP128F42AC31E,2005,0,0,88,300,0.293333333333,0
725,TRAPFRM128F933A19B,1989,0,0,40,110,0.363636363636,0
726,TRAPFXX128E0785EBA,2002,1,1,145,541,0.268022181146,0
727,TRAPGFN12903CB5BAC,1981,0,0,33,127,0.259842519685,0
728,TRAPGKY128F42972A9,2005,3,1,94,321,0.292834890966,0
729,TRAPGOZ128F933A945,2006,0,0,80,197,0.406091370558,0
730,TRAPGYN128F92C40CC,2008,0,0,84,373,0.225201072386,0
731,TRAPHAH128F42677A4,2001,0,0,112,472,0.237288135593,0
732,TRAPHDI128F92F5EA1,2000,0,0,45,124,0.362903225806,0
733,TRAPHZT128F147A02B,2006,0,0,58,166,0.349397590361,0
734,TRAPIIR128F42AEE95,1988,0,0,111,217,0.511520737327,0
735,TRAPISC128F14671D3,1994,17,1,200,452,0.442477876106,0
736,TRAPJFL128F42AA7B4,2005,0,0,145,535,0.271028037383,0
737,TRAPJLL128F92EC0E1,1993,0,0,41,103,0.398058252427,0
738,TRAPJPD128F14572B3,1988,1,1,72,156,0.461538461538,0
739,TRAPLET128F145B049,1990,0,0,47,109,0.43119266055,0
740,TRAPLMD128F932FF43,1982,0,0,85,177,0.480225988701,0
741,TRAPMRB128E078E21E,2002,9,1,74,113,0.654867256637,0
742,TRAPMRV128F92F5F4C,1999,0,0,76,303,0.250825082508,0
743,TRAPNII12903CEA4F8,1976,3,1,42,174,0.241379310345,0
744,TRAPNQZ128F145B04E,1990,0,0,88,219,0.401826484018,0
745,TRAPNYN128F4277985,2008,0,0,75,129,0.581395348837,0
746,TRAPOEA12903CDBB5F,1968,0,0,98,201,0.487562189055,0
747,TRAPOYU128F42644C3,1994,0,0,65,109,0.596330275229,0
748,TRAPPUJ128F931B3D1,1990,0,0,46,108,0.425925925926,0
749,TRAPPUN128F429400B,2002,0,0,59,254,0.232283464567,0
750,TRAPQBU128F934C32D,1995,0,0,76,134,0.567164179104,0
751,TRAPQNA128F93000EB,1961,0,0,66,159,0.415094339623,0
752,TRAPQQI128F1460D64,2000,17,1,81,330,0.245454545455,0
753,TRAPQYF128F14B1051,1988,3,1,72,198,0.363636363636,0
754,TRAPQZO12903CFA319,2010,0,0,83,302,0.274834437086,0
755,TRAPSHW128F14560A6,1983,0,0,39,78,0.5,0
756,TRAPSJN128F422AF18,2006,0,0,83,154,0.538961038961,0
757,TRAPTHJ128F92C70D6,1991,0,0,46,114,0.40350877193,0
758,TRAPTRH128F4271659,1969,0,0,74,171,0.432748538012,0
759,TRAPUFL128F425A8F9,2005,0,0,53,91,0.582417582418,0
760,TRAPVBP128F9308A86,1984,0,0,40,153,0.261437908497,0
761,TRAPVDC128F422C711,2007,0,0,99,263,0.376425855513,0
762,TRAPVGB128F42725AF,1999,0,0,95,224,0.424107142857,0
763,TRAPVXU128F149E7CD,1971,0,0,81,239,0.338912133891,0
764,TRAPVYD12903CE0269,1999,3,1,83,133,0.624060150376,0
765,TRAPYML128F423DF98,2007,0,0,23,69,0.333333333333,0
766,TRAPYVH128F428CFD7,2003,0,0,30,39,0.769230769231,0
767,TRAPZLI128F92DB0CD,2006,1,1,123,397,0.309823677582,0
768,TRAPZQI128F428CF18,1997,0,0,46,76,0.605263157895,0
769,TRAPZYB128F9309217,1996,0,0,62,167,0.37125748503,0
770,TRAPZZJ12903CC5190,1988,0,0,60,276,0.217391304348,0
771,TRAQAIW12903C9B61E,1996,0,0,175,334,0.523952095808,0
772,TRAQAMG128F934AED9,1994,4,1,62,154,0.402597402597,0
773,TRAQCFH128F92FE30F,2009,0,0,91,405,0.224691358025,0
774,TRAQDBO128F92ED2AC,2005,0,0,16,156,0.102564102564,0
775,TRAQDSN128F42934A2,2001,0,0,74,189,0.391534391534,0
776,TRAQDZZ128F42AF66A,2005,15,1,147,484,0.303719008264,0
777,TRAQEKD128F425293D,2004,0,0,78,289,0.269896193772,0
778,TRAQEOG128F9353981,1996,0,0,160,396,0.40404040404,0
779,TRAQEOP12903CA65E2,1998,0,0,64,124,0.516129032258,0
780,TRAQEUQ128F425282E,1999,0,0,87,143,0.608391608392,0
781,TRAQEVV128EF34E413,2006,0,0,72,319,0.225705329154,0
782,TRAQGLM128EF356DEA,2007,0,0,74,136,0.544117647059,0
783,TRAQGMY128F425A2F5,1995,0,0,111,202,0.549504950495,0
784,TRAQGNV128C7196894,2003,0,0,61,293,0.20819112628,0
785,TRAQHHV128F92E0787,1997,0,0,18,20,0.9,0
786,TRAQHWF128F146FF11,2006,1,1,98,297,0.329966329966,0
787,TRAQIQP128E079505F,2004,2,1,281,885,0.317514124294,0
788,TRAQITZ128F4265E0E,1974,0,0,103,253,0.407114624506,0
789,TRAQJFK128F428508A,2008,0,0,74,216,0.342592592593,0
790,TRAQKPR128F427DDF8,1999,0,0,65,219,0.296803652968,0
791,TRAQKVC128F425E65C,1982,0,0,82,157,0.522292993631,0
792,TRAQLOD128F145EC9D,1998,0,0,46,228,0.201754385965,0
793,TRAQMNB12903CDD58F,2002,0,0,100,192,0.520833333333,0
794,TRAQPFR12903CC26CF,2008,0,0,48,60,0.8,0
795,TRAQPHD128F4226E5E,1996,0,0,82,138,0.594202898551,0
796,TRAQQHJ128F9345DC3,2001,0,0,104,244,0.426229508197,0
797,TRAQQOG128F934B0A1,2000,4,1,87,140,0.621428571429,0
798,TRAQQUC128F9314732,1998,0,0,110,241,0.45643153527,0
799,TRAQQVR128F4255A3A,2005,0,0,5,66,0.0757575757576,0
800,TRAQRFD128F9322DE6,1999,0,0,35,107,0.327102803738,0
801,TRAQRRD128F425F8E7,1969,0,0,55,144,0.381944444444,0
802,TRAQSPU128F422146B,2004,0,0,39,134,0.291044776119,0
803,TRAQSWI128F9343039,1989,0,0,133,351,0.378917378917,0
804,TRAQTBF12903CCC1B7,1997,4,1,85,349,0.243553008596,0
805,TRAQTKV128F427BFA5,2003,0,0,103,312,0.330128205128,0
806,TRAQTOS128F428E94B,1994,0,0,102,262,0.389312977099,0
807,TRAQTRL128F428C2AF,2002,0,0,84,147,0.571428571429,0
808,TRAQTYT12903D134AC,1976,0,0,80,209,0.382775119617,0
809,TRAQVDI128F42969C8,2010,0,0,74,101,0.732673267327,0
810,TRAQVJM128F9310F20,2009,0,0,101,179,0.564245810056,0
811,TRAQXJY12903CF3A0E,1997,0,0,112,237,0.472573839662,0
812,TRAQXKZ128F429D175,1967,0,0,61,144,0.423611111111,0
813,TRAQYFL12903D138CF,2010,0,0,102,291,0.350515463918,0
814,TRAQYOC128F9341CDC,2001,27,1,230,671,0.342771982116,0
815,TRAQYUA128F428742F,1999,0,0,28,111,0.252252252252,0
816,TRAQYXL128F425EA21,1998,0,0,98,183,0.535519125683,0
817,TRAQYZO128F930BC98,2003,0,0,90,261,0.344827586207,0
818,TRARANL128F1478789,2006,0,0,114,255,0.447058823529,0
819,TRARAZI128F427F3B4,2001,0,0,37,98,0.377551020408,0
820,TRARBFC128EF3500F8,2004,0,0,36,129,0.279069767442,0
821,TRARBGM12903CC5026,1999,0,0,77,199,0.386934673367,0
822,TRARBJW128E0788A1A,1999,0,0,52,180,0.288888888889,0
823,TRARBVD128F4239284,2007,11,1,123,304,0.404605263158,0
824,TRARBYC128F92CEF3C,1980,0,0,49,94,0.521276595745,0
825,TRARCNN12903CD5262,1993,0,0,104,276,0.376811594203,0
826,TRARCNT12903CC4767,2006,0,0,31,79,0.392405063291,0
827,TRARDJY128F14750EA,2002,0,0,49,239,0.205020920502,0
828,TRARDUI12903CBF6B6,2005,0,0,107,306,0.349673202614,0
829,TRAREDZ12903CFB6E3,2007,0,0,89,163,0.546012269939,0
830,TRAREGG128F425A5D8,1995,0,0,86,169,0.508875739645,0
831,TRARFAZ128F93481AD,2009,0,0,5,12,0.416666666667,0
832,TRARFKP12903CF5DF1,2009,1,1,83,177,0.468926553672,0
833,TRARFXI128F1468CE3,1993,1,1,151,447,0.337807606264,0
834,TRARHCB128F148D1B0,1997,0,0,35,158,0.221518987342,0
835,TRARIMP128F933D217,2007,0,0,75,223,0.336322869955,0
836,TRARIRG128F147FC96,1981,0,0,76,196,0.387755102041,0
837,TRARIZK128F92FF27A,1973,0,0,87,115,0.75652173913,0
838,TRARJEK128F930B3AA,1985,0,0,96,128,0.75,0
839,TRARJPL128F931C7D2,2009,0,0,68,193,0.352331606218,0
840,TRARKEH128F1463CB2,1975,0,0,72,197,0.365482233503,0
841,TRARKGW128F92EB8F9,1989,0,0,84,280,0.3,0
842,TRARMHA128F92E7D32,1982,6,1,92,170,0.541176470588,0
843,TRARMUI128F147162F,1977,1,1,81,222,0.364864864865,0
844,TRARNZA128F424EC6A,2001,0,0,62,321,0.193146417445,0
845,TRARODV128F1460DBC,2002,0,0,79,251,0.314741035857,0
846,TRAROQC128F4273979,1998,0,0,78,259,0.301158301158,0
847,TRARPCK128F92FEA7F,2006,0,0,47,84,0.559523809524,0
848,TRARPZT128F932AD66,1985,0,0,141,271,0.520295202952,0
849,TRARQSD128F427E2AA,1998,0,0,73,170,0.429411764706,0
850,TRARRJL128F92DED0E,2004,0,0,54,89,0.606741573034,0
851,TRARRQO128F427B5F5,2004,3,1,113,342,0.330409356725,0
852,TRARRWA128F42A0195,2007,1,1,77,119,0.647058823529,0
853,TRARRZU128F4253CA2,2008,0,0,11,15,0.733333333333,0
854,TRARSAM128F4256E04,2007,0,0,54,86,0.627906976744,0
855,TRARSKA128F9336A04,2009,7,1,82,370,0.221621621622,0
856,TRARSZV12903CDB2DE,1997,0,0,58,200,0.29,0
857,TRARTBH128F93087A4,1986,0,0,63,197,0.319796954315,0
858,TRARTJL128F92CB44B,1986,0,0,83,299,0.277591973244,0
859,TRARTSA128F4291550,2005,0,0,51,164,0.310975609756,0
860,TRARUOP12903CF2384,2004,0,0,52,130,0.4,0
861,TRARUTP128E0797FC7,2000,0,0,71,215,0.33023255814,0
862,TRARVZG128F1497359,2006,13,1,196,686,0.285714285714,0
863,TRARWLR128F4256B07,1998,0,0,54,167,0.323353293413,0
864,TRARXIT128F423DC97,1990,0,0,60,237,0.253164556962,0
865,TRARXMV128F92F59C8,2008,0,0,44,98,0.448979591837,0
866,TRARXVP12903CF39FE,1997,0,0,149,272,0.547794117647,0
867,TRARYCL128F1456224,1968,0,0,62,147,0.421768707483,0
868,TRASAEN128F4266178,1995,0,0,69,195,0.353846153846,0
869,TRASAIH128F931F567,2002,0,0,65,195,0.333333333333,0
870,TRASAQI128F426EEA3,1975,0,0,147,265,0.554716981132,0
871,TRASARO128F145E40F,1966,1,1,53,92,0.576086956522,0
872,TRASBZK128F42692CA,2001,2,1,88,142,0.619718309859,0
873,TRASCAU128E078FB37,1997,8,1,220,495,0.444444444444,0
874,TRASCMB128F422B871,2006,0,0,15,58,0.258620689655,0
875,TRASCWR12903CCC575,1989,0,0,119,318,0.374213836478,0
876,TRASDGG128F933EDE2,2009,0,0,52,68,0.764705882353,0
877,TRASDRJ128F428B1A7,2006,0,0,65,155,0.41935483871,0
878,TRASGKM128F42644C5,1994,0,0,66,114,0.578947368421,0
879,TRASGLA128F147F4F6,1995,0,0,95,200,0.475,0
880,TRASGOE128F42328B4,2002,0,0,48,198,0.242424242424,0
881,TRASHSN12903CA9E34,2009,0,0,71,160,0.44375,0
882,TRASIKP128F423EED7,1999,0,0,125,291,0.429553264605,0
883,TRASIVA128F933DB52,2009,0,0,62,148,0.418918918919,0
884,TRASJRH12903CF2689,2006,0,0,28,39,0.717948717949,0
885,TRASKII128F92FA33E,2006,0,0,81,218,0.371559633028,0
886,TRASLHI128EF343C84,2006,0,0,127,305,0.416393442623,0
887,TRASLVK128F935046C,2006,0,0,55,106,0.518867924528,0
888,TRASLVU128F933B160,2002,0,0,62,90,0.688888888889,0
889,TRASMER128F4272C1D,2006,0,0,24,62,0.387096774194,0
890,TRASNDM128F92E17E7,2006,0,0,100,234,0.42735042735,0
891,TRASOQC12903CFFED7,2008,1,1,107,190,0.563157894737,0
892,TRASPAS128E078DFB3,1992,0,0,67,238,0.281512605042,0
893,TRASPZQ128F933BBDA,1999,0,0,100,332,0.301204819277,0
894,TRASQIB128F426693D,2001,0,0,146,781,0.186939820743,0
895,TRASRBB128F42AFD5C,2006,0,0,109,320,0.340625,0
896,TRASSZI128F146EC5F,2006,0,0,85,217,0.391705069124,0
897,TRASSZL128F428FA5D,2004,0,0,95,216,0.439814814815,0
898,TRASTOM12903CBE8A6,2008,0,0,92,235,0.391489361702,0
899,TRASTZY128F145B055,2002,0,0,74,148,0.5,0
900,TRASUJK128E0789C12,2005,0,0,109,324,0.336419753086,0
901,TRASVXI12903CF98CD,2002,0,0,66,182,0.362637362637,0
902,TRASWIV128E0788A84,2000,0,0,103,223,0.461883408072,0
903,TRASWKJ128E0792FE7,1998,0,0,64,177,0.361581920904,0
904,TRASXHB128F933D3BD,1992,2,1,77,144,0.534722222222,0
905,TRASXSI128F9345EA2,1999,0,0,74,155,0.477419354839,0
906,TRASXYB128F428DFF3,2005,1,1,209,443,0.471783295711,0
907,TRASXZE128F427F156,1992,0,0,88,194,0.453608247423,0
908,TRASYIH12903D08529,2010,1,1,85,258,0.329457364341,0
909,TRASYSY128F92F39F5,1980,9,1,54,91,0.593406593407,0
910,TRASYVP12903D09590,2008,0,0,81,297,0.272727272727,0
911,TRASYWM128F14804A5,2006,0,0,44,142,0.30985915493,0
912,TRASZQB12903CAAE1B,2008,0,0,68,252,0.269841269841,0
913,TRASZSF128F428B8F3,1970,0,0,60,155,0.387096774194,0
914,TRATAIB128F92E81CB,1995,1,1,58,169,0.343195266272,0
915,TRATBGP128F1482545,1987,0,0,88,155,0.567741935484,0
916,TRATBNG128F92CADA8,2008,0,0,88,288,0.305555555556,0
917,TRATBVA128F9312ACC,2009,0,0,118,313,0.376996805112,0
918,TRATBWX128F427D343,1983,0,0,86,147,0.585034013605,0
919,TRATCDG128F932B4D2,2009,4,1,43,128,0.3359375,0
920,TRATCLI128F422BCF8,2007,0,0,91,281,0.32384341637,0
921,TRATCUY128F9308A38,2007,13,1,74,268,0.276119402985,0
922,TRATDDM128F93417AF,1997,0,0,39,112,0.348214285714,0
923,TRATDIZ128F4242796,1999,0,0,70,197,0.355329949239,0
924,TRATDLH128F93384B0,2009,0,0,75,232,0.323275862069,0
925,TRATESL128F92F12DF,1989,0,0,40,145,0.275862068966,0
926,TRATFEN128F14A3A6E,1968,0,0,203,390,0.520512820513,0
927,TRATGQO128F421B850,2004,0,0,136,329,0.413373860182,0
928,TRATGTP128F427021D,1980,0,0,42,118,0.35593220339,0
929,TRATHFM128F148ADD4,2003,0,0,73,229,0.318777292576,0
930,TRATHTH128F42BC347,2007,0,0,94,227,0.4140969163,0
931,TRATHVA128F9322A79,1995,0,0,67,177,0.378531073446,0
932,TRATIRE128F42A667F,2007,0,0,58,229,0.25327510917,0
933,TRATJSR128F4266791,2001,9,1,168,408,0.411764705882,0
934,TRATJXC128F93124CE,2002,0,0,112,235,0.476595744681,0
935,TRATNHC12903CFA949,1993,0,0,97,202,0.480198019802,0
936,TRATNMX128F427C2FC,1992,1,1,130,519,0.250481695568,0
937,TRATOHC128EF3460DA,2006,0,0,102,378,0.269841269841,0
938,TRATQDK128F1489B3E,2005,0,0,84,281,0.298932384342,0
939,TRATQSL128F932E2ED,1973,0,0,77,151,0.509933774834,0
940,TRATQUI128F9347C68,2006,0,0,63,268,0.235074626866,0
941,TRATRMZ128F42A9AAC,2001,0,0,83,255,0.325490196078,0
942,TRATTNI128E0799697,2005,0,0,99,185,0.535135135135,0
943,TRATUPO128F9305A5C,2008,10,1,159,422,0.376777251185,0
944,TRATUQR128F422F34D,2006,2,1,84,230,0.365217391304,0
945,TRATWYC12903CE60D6,2010,0,0,74,220,0.336363636364,0
946,TRATXSW128F4243364,1994,0,0,60,204,0.294117647059,0
947,TRATYJI128F4255D27,2004,5,1,94,262,0.358778625954,0
948,TRATZQS128F1467D4B,1981,0,0,78,133,0.586466165414,0
949,TRAUCZX128F149D9AE,1996,0,0,80,218,0.366972477064,0
950,TRAUDRC128F148D15E,1988,0,0,81,268,0.30223880597,0
951,TRAUEWN128F932C32C,2009,0,0,83,164,0.506097560976,0
952,TRAUEYX12903CEAF48,2005,0,0,73,197,0.370558375635,0
953,TRAUFDN128E07926A5,2001,0,0,163,500,0.326,0
954,TRAUFLM128F42AECDC,2005,2,1,94,239,0.393305439331,0
955,TRAUGQI128F4295BD1,2006,0,0,98,308,0.318181818182,0
956,TRAUGRD128F425E997,2007,0,0,99,269,0.368029739777,0
957,TRAUHXR12903CBDFE4,2006,0,0,30,162,0.185185185185,0
958,TRAUIBK128F9345A79,1998,0,0,70,220,0.318181818182,0
959,TRAUIHC128F427EEF9,1984,0,0,108,247,0.437246963563,0
960,TRAUIMO128F147C31C,1999,0,0,85,207,0.410628019324,0
961,TRAUJLJ128E0784E7C,2003,2,1,206,811,0.254007398274,0
962,TRAUJPQ128F930D4C5,2009,0,0,187,435,0.429885057471,0
963,TRAUJTZ12903CF7BB4,1984,0,0,138,375,0.368,0
964,TRAUJVM128F422C5A2,2008,0,0,92,187,0.491978609626,0
965,TRAULEG128F92F035B,2007,0,0,24,46,0.521739130435,0
966,TRAULGT12903D10B94,1995,0,0,49,117,0.418803418803,0
967,TRAUMIX12903CE640C,1990,5,1,226,626,0.361022364217,0
968,TRAUMNH128F92FB67F,1992,0,0,86,247,0.348178137652,0
969,TRAUNEL128F1467D5C,1978,0,0,31,64,0.484375,0
970,TRAUNNH12903CB038C,2006,0,0,69,123,0.560975609756,0
971,TRAUOAA128F4245ECF,2003,0,0,54,115,0.469565217391,0
972,TRAUODU128F9307467,1993,0,0,79,185,0.427027027027,0
973,TRAUONA128F4255A38,2005,2,1,162,331,0.489425981873,0
974,TRAUOPA128F93537F2,2000,1,1,88,236,0.372881355932,0
975,TRAUOPE128EF367610,2007,4,1,72,190,0.378947368421,0
976,TRAUOUZ128E078F8BB,1988,3,1,226,560,0.403571428571,0
977,TRAUOXB128F146573B,2002,0,0,17,18,0.944444444444,0
978,TRAUPSV128F427B621,2008,0,0,53,301,0.176079734219,0
979,TRAUQFT128F4270904,1967,0,0,24,81,0.296296296296,0
980,TRAURGF128F427E9B5,1994,0,0,46,99,0.464646464646,0
981,TRAURHK12903CA60F8,2009,0,0,10,19,0.526315789474,0
982,TRAURRO128F1489B2C,2005,1,1,62,90,0.688888888889,0
983,TRAURRP128F4261B94,1998,0,0,99,236,0.419491525424,0
984,TRAUSBV128F9344D08,1997,0,0,31,53,0.584905660377,0
985,TRAUSFP128F42A6BEE,2004,5,1,46,79,0.582278481013,0
986,TRAUSHD128E0795347,2005,0,0,124,316,0.392405063291,0
987,TRAUSOM128F9337BC3,1997,0,0,78,256,0.3046875,0
988,TRAUTCA128F429B624,1979,0,0,175,405,0.432098765432,0
989,TRAUTPD128F92F1376,1991,0,0,92,238,0.386554621849,0
990,TRAUTXO128F4263C8E,1965,0,0,45,100,0.45,0
991,TRAUUIF128F93232FE,1995,1,1,59,216,0.273148148148,0
992,TRAUVAQ128F92DC677,2009,1,1,134,259,0.517374517375,0
993,TRAUVSF128F14A0B6F,2004,0,0,47,216,0.217592592593,0
994,TRAUVUF128F148D1AA,1997,0,0,76,203,0.374384236453,0
995,TRAUVVR128F425A925,1986,0,0,67,353,0.189801699717,0
996,TRAUWFN128F1462E09,2003,0,0,76,206,0.368932038835,0
997,TRAUWQL128F424696E,2006,1,1,131,210,0.62380952381,0
998,TRAUWRW128F9358C69,2003,2,1,192,652,0.294478527607,0
999,TRAUWWP12903CC79CB,2008,0,0,42,58,0.724137931034,0
1000,TRAUXEL128F42683D5,2002,2,1,64,94,0.68085106383,0
1001,TRAUXSK128F427C58D,2008,5,1,91,331,0.274924471299,0
1002,TRAUYLT128F427538E,2006,2,1,95,217,0.437788018433,0
1003,TRAUYOD128F42647FE,1990,0,0,79,219,0.360730593607,0
1004,TRAUYZG12903CDA4E9,1995,0,0,119,399,0.298245614035,0
1005,TRAUZFY128F42BCE57,2007,0,0,89,155,0.574193548387,0
1006,TRAUZTR128F9351D2A,1972,0,0,73,193,0.378238341969,0
1007,TRAUZVU12903CC050D,1964,0,0,83,183,0.453551912568,0
1008,TRAVBAH128F9305DFC,1992,0,0,50,60,0.833333333333,0
1009,TRAVBCR128F933AE8E,2007,0,0,53,112,0.473214285714,0
1010,TRAVCNA128F930975C,1998,0,0,63,94,0.670212765957,0
1011,TRAVDBI12903D105BB,2005,0,0,30,72,0.416666666667,0
1012,TRAVDDJ128F92EF09C,1998,0,0,71,171,0.415204678363,0
1013,TRAVDGG128F92E389A,1995,0,0,78,202,0.386138613861,0
1014,TRAVDQQ128F421B864,2004,0,0,110,217,0.506912442396,0
1015,TRAVELY128F42606F8,1998,12,1,190,430,0.441860465116,0
1016,TRAVFEW128F92E2B47,1971,0,0,79,163,0.484662576687,0
1017,TRAVFPH128F42621EE,2000,0,0,101,297,0.340067340067,0
1018,TRAVFSW128F145C1D2,1993,3,1,158,477,0.331236897275,0
1019,TRAVGFT128F424278B,1999,0,0,76,219,0.34703196347,0
1020,TRAVGKM128F92C58B4,1997,0,0,68,124,0.548387096774,0
1021,TRAVGNH128F428CBA9,1994,0,0,46,92,0.5,0
1022,TRAVGZS128F9338603,1968,0,0,45,113,0.398230088496,0
1023,TRAVHIA128F1494B0C,1967,0,0,76,184,0.413043478261,0
1024,TRAVHLR128F146B476,2003,0,0,53,81,0.654320987654,0
1025,TRAVKGM12903CA66FB,1994,1,1,72,114,0.631578947368,0
1026,TRAVKJJ128F424DA32,1991,0,0,64,147,0.43537414966,0
1027,TRAVLWL128F424EF6A,2007,0,0,59,288,0.204861111111,0
1028,TRAVLXZ128F42A22E4,2000,0,0,59,161,0.366459627329,0
1029,TRAVMXD12903CBBD0B,1975,0,0,64,118,0.542372881356,0
1030,TRAVMZX128F14AB117,2007,0,0,63,136,0.463235294118,0
1031,TRAVOHH128F4247EF9,2008,0,0,79,271,0.291512915129,0
1032,TRAVPHL128F424EAE1,2008,0,0,60,213,0.281690140845,0
1033,TRAVQBP128F145BB9B,1993,0,0,39,67,0.582089552239,0
1034,TRAVQPL128F9308D97,2006,9,1,75,298,0.251677852349,0
1035,TRAVRJA128F9329C4C,1991,2,1,57,129,0.441860465116,0
1036,TRAVROF128F421AC2D,2004,0,0,98,185,0.52972972973,0
1037,TRAVRPL128F145E874,2001,0,0,36,121,0.297520661157,0
1038,TRAVSQE12903CB6879,2010,0,0,72,118,0.610169491525,0
1039,TRAVTEH128E07953EA,2004,0,0,106,292,0.36301369863,0
1040,TRAVTUD128F93094F2,2000,0,0,34,43,0.790697674419,0
1041,TRAVUAJ128E078EDA2,1988,0,0,128,567,0.225749559083,0
1042,TRAVVBW128F42819B2,2003,0,0,174,453,0.384105960265,0
1043,TRAVWTN128F425D2D5,1986,0,0,107,239,0.44769874477,0
1044,TRAVWYR128F92DED0F,2004,0,0,47,112,0.419642857143,0
1045,TRAVWZA128F931F36E,1996,0,0,69,166,0.415662650602,0
1046,TRAVXBL128F42BB389,1984,0,0,86,239,0.359832635983,0
1047,TRAVXII128F92FCC6D,2005,0,0,87,304,0.286184210526,0
1048,TRAVYHI12903CB95EC,2001,1,1,171,350,0.488571428571,0
1049,TRAVYIU128F42625E1,2001,1,1,54,179,0.301675977654,0
1050,TRAVYVD128F4237876,2005,0,0,41,85,0.482352941176,0
1051,TRAVYXL128EF34722F,2006,0,0,85,183,0.464480874317,0
1052,TRAVZWX128F92EC110,2002,0,0,63,275,0.229090909091,0
1053,TRAWAXV128F92E075C,1997,0,0,141,273,0.516483516484,0
1054,TRAWBOE128F92F2F46,2002,0,0,56,132,0.424242424242,0
1055,TRAWBVQ128F149ADFD,1994,1,1,39,83,0.469879518072,0
1056,TRAWBWG128F1462C30,1978,2,1,82,367,0.223433242507,0
1057,TRAWCGS128F934BE2F,2008,0,0,128,234,0.547008547009,0
1058,TRAWCIS128F428CFD1,2003,0,0,73,112,0.651785714286,0
1059,TRAWCJY128F146A1D5,1994,0,0,72,186,0.387096774194,0
1060,TRAWCQE128F14676AC,2000,0,0,118,273,0.432234432234,0
1061,TRAWDLK128EF342E1E,2007,23,1,171,575,0.297391304348,0
1062,TRAWDOU128F146D770,1991,0,0,58,211,0.274881516588,0
1063,TRAWEDC128F14A2EBA,1987,0,0,75,226,0.33185840708,0
1064,TRAWEIX128F14B0F05,1992,1,1,275,633,0.434439178515,0
1065,TRAWEQF128F42591E9,1982,0,0,34,68,0.5,0
1066,TRAWEST128F4242614,2005,1,1,64,214,0.299065420561,0
1067,TRAWFCM12903CBE6FA,2010,0,0,113,215,0.525581395349,0
1068,TRAWFYX12903CA4766,2004,0,0,60,252,0.238095238095,0
1069,TRAWFZB128F92FFB99,1981,4,1,145,414,0.350241545894,0
1070,TRAWGKB128F4268327,1993,0,0,59,103,0.572815533981,0
1071,TRAWGLP128F92DE5AD,2005,0,0,84,130,0.646153846154,0
1072,TRAWGXD128F428A36B,1996,0,0,121,323,0.374613003096,0
1073,TRAWHZK12903CB5A01,2004,0,0,65,172,0.377906976744,0
1074,TRAWIGC128F4295A2F,2003,0,0,120,402,0.298507462687,0
1075,TRAWIGT128F427448E,2002,0,0,63,196,0.321428571429,0
1076,TRAWIJG128F42B502C,1999,0,0,60,234,0.25641025641,0
1077,TRAWJPF128F42626DB,1992,0,0,112,372,0.301075268817,0
1078,TRAWKPT128E0795428,2005,0,0,78,245,0.318367346939,0
1079,TRAWKQB128F92EE55D,2006,0,0,69,174,0.396551724138,0
1080,TRAWLGG128F42884CA,1999,0,0,18,87,0.206896551724,0
1081,TRAWLYD128F42153D2,1995,0,0,51,114,0.447368421053,0
1082,TRAWNDA128F9341C35,1999,0,0,83,286,0.29020979021,0
1083,TRAWNOH128F4287513,2006,0,0,65,197,0.329949238579,0
1084,TRAWNSM12903CA71FC,2008,0,0,74,287,0.257839721254,0
1085,TRAWOBG128F93256C6,2005,0,0,77,216,0.356481481481,0
1086,TRAWOCY128F145B051,1988,0,0,53,147,0.360544217687,0
1087,TRAWODX128F42AC413,2005,0,0,82,161,0.509316770186,0
1088,TRAWOHD128F148D176,1989,0,0,92,189,0.486772486772,0
1089,TRAWOVS128F424DC49,2005,0,0,98,286,0.342657342657,0
1090,TRAWPFX128F92E58B5,2006,0,0,82,129,0.635658914729,0
1091,TRAWPNC128F92EAA90,2007,0,0,149,338,0.440828402367,0
1092,TRAWPXB12903CFA413,1992,0,0,62,165,0.375757575758,0
1093,TRAWQSO128F424E2F9,2007,0,0,90,276,0.326086956522,0
1094,TRAWRWK128F4260B37,1999,0,0,63,171,0.368421052632,0
1095,TRAWSSL12903CC4734,2002,0,0,85,167,0.508982035928,0
1096,TRAWSXV128F4273E35,1996,33,1,338,829,0.407720144753,0
1097,TRAWSYF128F149431A,1990,0,0,32,135,0.237037037037,0
1098,TRAWTGS128F14569A8,2000,0,0,74,162,0.456790123457,0
1099,TRAWTKK128F92C25D0,2007,0,0,88,227,0.387665198238,0
1100,TRAWTUG12903CB2DB8,1991,0,0,232,599,0.387312186978,0
1101,TRAWTUV128F426DD46,1990,1,1,59,179,0.329608938547,0
1102,TRAWUJY128F9342A56,2003,0,0,47,62,0.758064516129,0
1103,TRAWULX128F4291255,2003,0,0,126,322,0.391304347826,0
1104,TRAWUUP12903CEF2F9,1997,0,0,78,232,0.336206896552,0
1105,TRAWVNL128F9327983,1975,0,0,90,303,0.29702970297,0
1106,TRAWWHT128F426894E,2000,0,0,80,148,0.540540540541,0
1107,TRAWWIK128E078D19C,2000,0,0,53,178,0.297752808989,0
1108,TRAWXYD128F4255FBD,2007,1,1,123,353,0.348441926346,0
1109,TRAWYNV128F92F5E7E,2008,0,0,137,357,0.383753501401,0
1110,TRAWYTV128F429DEE8,2000,0,0,41,149,0.275167785235,0
1111,TRAWZRG128F1489B24,2005,1,1,91,150,0.606666666667,0
1112,TRAXAHC128F421D3C3,1995,3,1,251,567,0.442680776014,0
1113,TRAXAMO128F4289D24,2005,7,1,191,460,0.415217391304,0
1114,TRAXAZZ128F4255FAF,2005,1,1,135,427,0.316159250585,0
1115,TRAXBVE128F932BD11,2008,0,0,69,240,0.2875,0
1116,TRAXDAH128F422BBFC,2006,2,1,114,375,0.304,0
1117,TRAXDML128E079159C,2005,2,1,327,922,0.354663774403,0
1118,TRAXDNU128F9341CDE,1973,0,0,96,248,0.387096774194,0
1119,TRAXEHW128F423E590,2004,0,0,127,315,0.403174603175,0
1120,TRAXGVY128F933E9C9,2006,1,1,86,127,0.677165354331,0
1121,TRAXIES128F426C8F0,1993,0,0,30,43,0.697674418605,0
1122,TRAXIYW12903CB4343,2003,1,1,109,186,0.586021505376,0
1123,TRAXJBW128E0788652,1994,0,0,71,298,0.238255033557,0
1124,TRAXJOA128F93474E8,2001,0,0,53,118,0.449152542373,0
1125,TRAXJVO128F42AC534,2005,0,0,49,160,0.30625,0
1126,TRAXLIU128E07860D4,2001,32,1,212,698,0.303724928367,0
1127,TRAXLPR128F428E466,2007,0,0,132,376,0.351063829787,0
1128,TRAXLYT128F9348137,2001,13,1,181,376,0.481382978723,0
1129,TRAXMWV128F14612AB,2002,0,0,61,216,0.282407407407,0
1130,TRAXOQD12903CDD59D,2002,0,0,116,223,0.520179372197,0
1131,TRAXOQP128F930DD49,2001,0,0,67,202,0.331683168317,0
1132,TRAXOWL128F9343C95,2008,0,0,95,177,0.536723163842,0
1133,TRAXPGM128F428BBA6,1991,0,0,56,130,0.430769230769,0
1134,TRAXPHE128F92F4100,1993,0,0,105,226,0.464601769912,0
1135,TRAXPJU128F148ADE8,2000,0,0,131,267,0.49063670412,0
1136,TRAXQDR128F4260194,2003,0,0,53,130,0.407692307692,0
1137,TRAXQUZ128F42B77BE,2000,46,1,270,751,0.359520639148,0
1138,TRAXRSK128F42B44D2,1994,0,0,95,282,0.336879432624,0
1139,TRAXSWS128F4254E1A,2002,0,0,156,343,0.454810495627,0
1140,TRAXSWX128E0792BEF,1996,0,0,36,110,0.327272727273,0
1141,TRAXUBG128F9332164,1967,0,0,26,101,0.257425742574,0
1142,TRAXUHM128E078900C,2004,15,1,97,381,0.254593175853,0
1143,TRAXUIZ12903CDF737,1998,0,0,49,94,0.521276595745,0
1144,TRAXUPN128F42855C8,2007,0,0,52,128,0.40625,0
1145,TRAXUQL128F932D6C4,2007,0,0,93,243,0.382716049383,0
1146,TRAXWDS12903CEE35E,2009,0,0,62,120,0.516666666667,0
1147,TRAXWLM128F1453E3B,2005,3,1,114,468,0.24358974359,0
1148,TRAXWQU128F42716E2,2001,0,0,116,375,0.309333333333,0
1149,TRAXXGI128F14688C7,1997,0,0,102,253,0.403162055336,0
1150,TRAXXIT128F4263075,1988,0,0,83,333,0.249249249249,0
1151,TRAXXQA128F9301855,1999,0,0,71,222,0.31981981982,0
1152,TRAXYGX128F93158FC,2002,0,0,29,82,0.353658536585,0
1153,TRAXZSJ128F145B3B0,1977,0,0,57,145,0.393103448276,0
1154,TRAYABW128F4235888,2006,4,1,79,135,0.585185185185,0
1155,TRAYADL128F14A4735,1967,0,0,50,173,0.28901734104,0
1156,TRAYAKN128F9330A65,2005,1,1,67,245,0.273469387755,0
1157,TRAYBTO128F932008B,2004,0,0,62,96,0.645833333333,0
1158,TRAYCIH128E07890B9,1981,0,0,84,412,0.203883495146,0
1159,TRAYCVB128F92EB7B0,2007,0,0,194,710,0.27323943662,0
1160,TRAYDJL128F145F261,1974,0,0,110,289,0.38062283737,0
1161,TRAYDYV128F42906E1,1996,0,0,76,211,0.36018957346,0
1162,TRAYDZH128C71967BC,2000,0,0,80,266,0.300751879699,0
1163,TRAYDZS128F4288459,2006,0,0,4,4,1.0,0
1164,TRAYEGN128F9361233,2004,0,0,67,110,0.609090909091,0
1165,TRAYESZ128F1458FAE,1984,0,0,23,206,0.111650485437,0
1166,TRAYFBF128F92C52AB,2002,0,0,110,221,0.497737556561,0
1167,TRAYFPK128E07850DC,2004,0,0,59,194,0.30412371134,0
1168,TRAYFXH128F92E20F8,2008,0,0,71,147,0.482993197279,0
1169,TRAYGBT12903CF5DF0,2009,1,1,99,157,0.630573248408,0
1170,TRAYGHE12903CD213E,1991,0,0,16,83,0.192771084337,0
1171,TRAYGQU128F934B4F5,2006,8,1,44,91,0.483516483516,0
1172,TRAYGYF128F930CA01,2002,0,0,82,128,0.640625,0
1173,TRAYHSN128F427E065,1994,0,0,24,87,0.275862068966,0
1174,TRAYICR128F4282520,2005,0,0,85,259,0.328185328185,0
1175,TRAYIUG12903CC7E3C,1989,0,0,39,118,0.330508474576,0
1176,TRAYIUY128F4289952,2004,0,0,108,268,0.402985074627,0
1177,TRAYJHF128F4294CB8,2004,2,1,233,554,0.420577617329,0
1178,TRAYJOF128F92F9EEA,2009,0,0,114,441,0.258503401361,0
1179,TRAYKTU128F934C82A,1983,0,0,103,203,0.507389162562,0
1180,TRAYKZI128F932B9E8,2009,0,0,54,225,0.24,0
1181,TRAYLKH128F427BCCC,1992,0,0,75,237,0.316455696203,0
1182,TRAYLRT128F42605AF,1999,0,0,99,241,0.410788381743,0
1183,TRAYMKM128F4277046,1966,0,0,92,174,0.528735632184,0
1184,TRAYOQI128F92F0967,2006,0,0,37,73,0.506849315068,0
1185,TRAYOXN128E07926A8,2001,1,1,185,560,0.330357142857,0
1186,TRAYPFH128E07937C3,1991,0,0,54,336,0.160714285714,0
1187,TRAYPMR128E0785DD1,1994,1,1,141,452,0.311946902655,0
1188,TRAYQKQ128F1491182,1999,20,1,218,437,0.49885583524,0
1189,TRAYRPQ128F428DCC8,2002,0,0,96,293,0.327645051195,0
1190,TRAYSMW128F1468307,1996,0,0,40,117,0.34188034188,0
1191,TRAYSUA128F9338AD8,1995,0,0,65,118,0.550847457627,0
1192,TRAYTDZ128F93146E3,1988,0,0,46,61,0.754098360656,0
1193,TRAYTME128F423DC95,1990,5,1,56,187,0.299465240642,0
1194,TRAYUKR128F9344BB4,1996,0,0,44,65,0.676923076923,0
1195,TRAYVLL128F9335B7A,1998,0,0,40,89,0.449438202247,0
1196,TRAYWHE128F92E9D6A,1961,0,0,50,99,0.505050505051,0
1197,TRAYWLI128F9300223,2003,0,0,98,204,0.480392156863,0
1198,TRAYXDI128F428CD9C,2005,1,1,16,94,0.170212765957,0
1199,TRAYXPS128F422842E,1996,0,0,48,71,0.676056338028,0
1200,TRAYXZX128F930F022,2007,0,0,48,118,0.406779661017,0
1201,TRAYYAU128F92D58D0,2008,0,0,73,192,0.380208333333,0
1202,TRAYYCA128F422B2A1,2004,0,0,18,28,0.642857142857,0
1203,TRAYYKO128F92E133B,2003,0,0,58,90,0.644444444444,0
1204,TRAYZBA128F4264551,1994,0,0,131,479,0.273486430063,0
1205,TRAYZXS12903CF1C4F,2003,0,0,52,62,0.838709677419,0
1206,TRAYZZB128F425B73A,2000,0,0,70,324,0.216049382716,0
1207,TRAZACV128F426983D,1991,0,0,74,201,0.36815920398,0
1208,TRAZAKG12903CF8157,2008,0,0,51,101,0.50495049505,0
1209,TRAZASN128F427DB44,1981,0,0,70,230,0.304347826087,0
1210,TRAZBBP128E07845D4,2003,5,1,135,301,0.448504983389,0
1211,TRAZCUE128F4223510,2007,1,1,69,252,0.27380952381,0
1212,TRAZDKY128F4235130,1993,0,0,17,50,0.34,0
1213,TRAZDPO128E078ECE6,1993,0,0,111,327,0.339449541284,0
1214,TRAZDTT128F9346306,1965,0,0,92,259,0.355212355212,0
1215,TRAZEBG128F1456D2E,1995,0,0,95,190,0.5,0
1216,TRAZEYQ12903C9D099,1984,0,0,45,121,0.371900826446,0
1217,TRAZFYU128F93569C6,2005,0,0,35,109,0.321100917431,0
1218,TRAZHZI128F930653D,1972,0,0,81,171,0.473684210526,0
1219,TRAZIQB128F934B755,2007,0,0,82,214,0.383177570093,0
1220,TRAZJGD128F4289D2A,2005,3,1,224,445,0.503370786517,0
1221,TRAZJOI12903CDA550,2002,0,0,85,296,0.287162162162,0
1222,TRAZJUH128F934465B,1983,0,0,104,204,0.509803921569,0
1223,TRAZKAG12903CD1918,2009,0,0,62,234,0.264957264957,0
1224,TRAZLLR128F42A8DCC,2006,0,0,101,252,0.400793650794,0
1225,TRAZLVR128E078F044,1975,0,0,98,290,0.337931034483,0
1226,TRAZNDI128F9321777,2004,1,1,174,444,0.391891891892,0
1227,TRAZOEU128F92E28DD,2008,0,0,95,133,0.714285714286,0
1228,TRAZORC128F426C323,2008,0,0,65,122,0.532786885246,0
1229,TRAZOSB128F9302A07,2002,0,0,104,340,0.305882352941,0
1230,TRAZQET128F42A0449,2004,0,0,83,143,0.58041958042,0
1231,TRAZRAR128F1477778,2002,0,0,40,82,0.487804878049,0
1232,TRAZRBR128E0782989,2006,2,1,137,357,0.383753501401,0
1233,TRAZRXP12903CBD6A9,2003,0,0,71,232,0.306034482759,0
1234,TRAZSCZ128F42554F4,2007,0,0,90,268,0.335820895522,0
1235,TRAZSFV128F14806FE,2005,0,0,53,127,0.417322834646,0
1236,TRAZSJY128F92CCEA0,1999,1,1,135,270,0.5,0
1237,TRAZSRV128F1452866,2006,0,0,81,203,0.399014778325,0
1238,TRAZTBZ12903CFB6DA,2007,0,0,37,158,0.23417721519,0
1239,TRAZUVK12903C9ACBA,1999,0,0,66,199,0.331658291457,0
1240,TRAZVFJ128F9310CE2,1993,0,0,59,141,0.418439716312,0
1241,TRAZVVV128F428A033,1999,0,0,66,97,0.680412371134,0
1242,TRAZVYP128F1459AD9,2003,0,0,68,159,0.427672955975,0
1243,TRAZVZJ128F92EF28A,2009,0,0,139,350,0.397142857143,0
1244,TRAZWDT128F4241B14,2008,0,0,8,8,1.0,0
1245,TRAZWGV128F425DA7C,2007,0,0,115,421,0.273159144893,0
1246,TRAZXDC128F429874E,2007,0,0,149,593,0.251264755481,0
1247,TRAZYQF12903CE3DA5,2006,2,1,128,295,0.433898305085,0
1248,TRAZYQU128F934AC32,1985,0,0,90,163,0.552147239264,0
1249,TRAZYVR128F4280A24,2004,0,0,17,18,0.944444444444,0
1250,TRAZYZQ128F146653D,1994,0,0,28,115,0.24347826087,0
1251,TRAZZLJ128E07945F2,1988,0,0,309,1016,0.304133858268,0
1252,TRAZZQC128F427A0F5,1991,0,0,56,164,0.341463414634,0
1253,TRBAAGQ128F148D17E,1993,0,0,38,169,0.224852071006,0
1254,TRBAAOC128F42A6BEA,2004,19,1,124,358,0.346368715084,0
1255,TRBABAC128E07852A8,2003,0,0,60,101,0.594059405941,0
1256,TRBABGU128F93391B2,2003,5,1,204,616,0.331168831169,0
1257,TRBACUF128F4247F8C,1999,0,0,66,266,0.248120300752,0
1258,TRBADFY128F422F325,2006,0,0,77,309,0.249190938511,0
1259,TRBADGN128F42AA534,2005,0,0,64,247,0.259109311741,0
1260,TRBAEJD128F4264B50,1996,0,0,70,264,0.265151515152,0
1261,TRBAFWX12903CA9831,2009,0,0,86,201,0.427860696517,0
1262,TRBAHBP128F42985D6,1982,0,0,35,141,0.248226950355,0
1263,TRBAHEH128F9327D39,1997,3,1,220,467,0.471092077088,0
1264,TRBAHID128F4278EAF,2001,0,0,109,359,0.303621169916,0
1265,TRBAHJW128F92CC8B4,2007,0,0,78,121,0.644628099174,0
1266,TRBAIAW128F92C5652,2003,1,1,53,201,0.26368159204,0
1267,TRBAIHN128F427D480,1999,0,0,46,180,0.255555555556,0
1268,TRBAIKM12903CBCF21,1995,0,0,95,269,0.353159851301,0
1269,TRBAJRL128F1482E66,2006,0,0,32,108,0.296296296296,0
1270,TRBAJXD12903CC3493,1997,0,0,70,181,0.386740331492,0
1271,TRBAKRM128F4248228,2008,0,0,112,332,0.33734939759,0
1272,TRBALIJ128F14884B5,1990,0,0,96,187,0.513368983957,0
1273,TRBAMES128F14947D4,1992,0,0,70,138,0.507246376812,0
1274,TRBAMEV128F148C814,2005,0,0,48,92,0.521739130435,0
1275,TRBAMFR128F4287A3C,2003,0,0,57,314,0.18152866242,0
1276,TRBANBC128F147E363,2006,0,0,101,338,0.298816568047,0
1277,TRBAOJU128F42621E6,2000,0,0,85,257,0.330739299611,0
1278,TRBARCH128F92FB2A9,1999,0,0,90,295,0.305084745763,0
1279,TRBARHH128E078EDE9,1989,0,0,100,348,0.287356321839,0
1280,TRBARSX12903D03AE5,2010,0,0,48,81,0.592592592593,0
1281,TRBATKI128F4284D54,2001,0,0,95,521,0.182341650672,0
1282,TRBATSC128F427D709,2008,0,0,60,147,0.408163265306,0
1283,TRBAULO128F93300AE,2005,0,0,92,204,0.450980392157,0
1284,TRBAUVN128F932FEF8,2000,0,0,93,261,0.35632183908,0
1285,TRBAVLT128F428F147,2003,0,0,105,189,0.555555555556,0
1286,TRBAVMF12903CEA4FB,1974,0,0,56,154,0.363636363636,0
1287,TRBAWKB128F931BAEE,2008,0,0,117,327,0.357798165138,0
1288,TRBAXCV12903CA4067,2006,0,0,52,108,0.481481481481,0
1289,TRBAXDP12903CD1922,2009,0,0,79,209,0.377990430622,0
1290,TRBAXUW128F933BBD9,1999,0,0,97,165,0.587878787879,0
1291,TRBAYER128F933D3B7,1992,1,1,122,233,0.523605150215,0
1292,TRBAZFD12903CB641D,2009,0,0,71,218,0.325688073394,0
1293,TRBAZYH128F4288198,1988,0,0,85,240,0.354166666667,0
1294,TRBBAHD128F428E0FE,1987,0,0,82,214,0.383177570093,0
1295,TRBBAKH128F92FA339,2006,0,0,81,148,0.547297297297,0
1296,TRBBBMT128F42A0A4E,1992,3,1,258,669,0.385650224215,0
1297,TRBBDPA12903CCCA06,2009,0,0,43,69,0.623188405797,0
1298,TRBBDXO128F14A4737,1989,0,0,66,197,0.335025380711,0
1299,TRBBEGG128F9314BAA,1993,0,0,74,176,0.420454545455,0
1300,TRBBEYU128F4235623,2005,1,1,220,641,0.343213728549,0
1301,TRBBFHG128F932B9D6,1998,0,0,70,111,0.630630630631,0
1302,TRBBFOT12903CBCB4F,1997,0,0,144,495,0.290909090909,0
1303,TRBBGDK128F427D450,1998,0,0,98,205,0.478048780488,0
1304,TRBBGQN128F9310CBE,2009,0,0,43,69,0.623188405797,0
1305,TRBBHFE12903CA5EEB,2002,1,1,115,311,0.369774919614,0
1306,TRBBHLO128F9302EA4,2003,0,0,83,271,0.306273062731,0
1307,TRBBHPQ128F145A7F8,1987,0,0,135,267,0.505617977528,0
1308,TRBBHUW128F429476F,2000,0,0,102,251,0.406374501992,0
1309,TRBBIBE128F4226E29,1996,0,0,95,202,0.470297029703,0
1310,TRBBICL128F42ADFD3,2004,0,0,18,30,0.6,0
1311,TRBBILZ12903CB422C,2006,0,0,132,320,0.4125,0
1312,TRBBJAJ128F425DA40,2003,2,1,74,144,0.513888888889,0
1313,TRBBJBO128F92EB2C5,2000,4,1,79,108,0.731481481481,0
1314,TRBBKXZ128F4215C88,1994,0,0,77,123,0.626016260163,0
1315,TRBBLFA12903CDC496,1994,0,0,67,196,0.341836734694,0
1316,TRBBLTE128F42558EF,2007,0,0,89,200,0.445,0
1317,TRBBLTV12903CC3C00,1994,0,0,101,268,0.376865671642,0
1318,TRBBMAL128F146B288,1999,0,0,58,179,0.324022346369,0
1319,TRBBMDA12903CB688E,2010,1,1,62,203,0.305418719212,0
1320,TRBBMIF12903CA1EB0,1972,0,0,76,118,0.64406779661,0
1321,TRBBMPH128F1469775,1988,0,0,90,235,0.382978723404,0
1322,TRBBMQN128EF35F995,2002,0,0,108,332,0.325301204819,0
1323,TRBBMXI128F428CCD1,1992,0,0,81,138,0.586956521739,0
1324,TRBBOBQ12903CC5186,1988,0,0,40,208,0.192307692308,0
1325,TRBBOPV12903CFB50F,1991,0,0,68,183,0.371584699454,0
1326,TRBBOUN128F425A4E6,1993,0,0,77,188,0.409574468085,0
1327,TRBBPPB128F14AB242,2008,0,0,51,226,0.225663716814,0
1328,TRBBPSX128F93332EE,2000,0,0,23,70,0.328571428571,0
1329,TRBBQFV128F4252EFF,2008,0,0,83,177,0.468926553672,0
1330,TRBBQJZ128F92C5AF2,1992,0,0,84,137,0.613138686131,0
1331,TRBBQPP128F92EE611,2007,0,0,35,159,0.220125786164,0
1332,TRBBTLA128F4226907,2004,0,0,53,202,0.262376237624,0
1333,TRBBTUD128F42A10A3,2002,0,0,104,167,0.622754491018,0
1334,TRBBTZW12903CE7495,1998,0,0,99,287,0.344947735192,0
1335,TRBBUCK128F42AFAD6,1991,8,1,300,851,0.352526439483,0
1336,TRBBULA128F146E122,2005,20,1,94,294,0.319727891156,0
1337,TRBBVBM128F4276D82,1991,0,0,43,168,0.255952380952,0
1338,TRBBVNR128E078E1E4,2000,1,1,160,531,0.30131826742,0
1339,TRBBVSO128F9341C12,1999,0,0,90,206,0.436893203883,0
1340,TRBBWDJ128F42595D5,1981,0,0,20,31,0.645161290323,0
1341,TRBBWIP128F4287400,2007,0,0,27,80,0.3375,0
1342,TRBBWNS128F426F760,2007,0,0,109,263,0.414448669202,0
1343,TRBBXEG128F424EC2C,1979,0,0,79,253,0.312252964427,0
1344,TRBBXML128F4256DFF,2007,0,0,109,231,0.471861471861,0
1345,TRBBYFJ128F42A22D4,1963,0,0,57,163,0.349693251534,0
1346,TRBBYOI128F4256732,1985,0,0,79,399,0.197994987469,0
1347,TRBBZOG128F422B02B,2008,0,0,73,115,0.634782608696,0
1348,TRBCADG128F14AB245,1984,0,0,45,175,0.257142857143,0
1349,TRBCALG128F1483839,2006,0,0,91,320,0.284375,0
1350,TRBCANP128F92FA6B9,2006,0,0,75,183,0.409836065574,0
1351,TRBCBLN128F932BC9D,2004,0,0,51,89,0.573033707865,0
1352,TRBCBMG12903CDE2A4,1992,0,0,105,261,0.402298850575,0
1353,TRBCBVY128F933A195,1989,0,0,50,126,0.396825396825,0
1354,TRBCBXZ128F14628C3,1995,0,0,68,215,0.316279069767,0
1355,TRBCCAJ128F148CBBB,1999,11,1,193,470,0.410638297872,0
1356,TRBCDCS128F422F0CF,1997,2,1,61,132,0.462121212121,0
1357,TRBCEVJ128F428E090,1985,0,0,84,235,0.357446808511,0
1358,TRBCFLI128F429F370,2003,18,1,201,450,0.446666666667,0
1359,TRBCGKB12903CC0031,1981,0,0,98,311,0.315112540193,0
1360,TRBCGRI128F93355E9,2005,0,0,43,206,0.208737864078,0
1361,TRBCGXN128F148C0CD,1978,0,0,103,310,0.332258064516,0
1362,TRBCHEE128F92F82D0,1995,0,0,100,171,0.584795321637,0
1363,TRBCIEV12903CE60F1,2001,0,0,82,257,0.31906614786,0
1364,TRBCIRO128F42B0277,2002,0,0,77,329,0.234042553191,0
1365,TRBCIXV128F4261F09,1996,0,0,72,201,0.358208955224,0
1366,TRBCJIX128F424F99E,2002,0,0,67,143,0.468531468531,0
1367,TRBCJSZ128E07969B5,2005,0,0,96,276,0.347826086957,0
1368,TRBCJUF128F93190C2,2009,1,1,118,381,0.309711286089,0
1369,TRBCKNP128F4222D54,1991,0,0,83,389,0.213367609254,0
1370,TRBCKRF128F9320920,2004,0,0,52,142,0.366197183099,0
1371,TRBCLGH12903CCA1D0,1967,0,0,132,282,0.468085106383,0
1372,TRBCMSO128F92E6AE5,2008,0,0,72,329,0.218844984802,0
1373,TRBCNWM128F92D50EC,2002,17,1,241,816,0.295343137255,0
1374,TRBCPXR128F42AC544,2005,0,0,83,225,0.368888888889,0
1375,TRBCQLB128F9332CF4,2009,0,0,73,257,0.284046692607,0
1376,TRBCRDW128F422D8BA,1999,0,0,83,149,0.557046979866,0
1377,TRBCSDW128F424D686,2008,0,0,81,410,0.19756097561,0
1378,TRBCSMH128F146A146,1976,0,0,84,134,0.626865671642,0
1379,TRBCTBG128F42B7E1B,2002,0,0,70,130,0.538461538462,0
1380,TRBCTRX128F4299237,2003,0,0,150,298,0.503355704698,0
1381,TRBCUBV128F145F7E9,2000,0,0,106,368,0.288043478261,0
1382,TRBCUPT128F1462B73,2003,0,0,83,281,0.29537366548,0
1383,TRBCVFF128F4222C3C,2001,0,0,49,346,0.14161849711,0
1384,TRBCVKL128F92CE9EF,2005,0,0,43,148,0.290540540541,0
1385,TRBCWGM128F428D6FD,2000,0,0,46,144,0.319444444444,0
1386,TRBCWOW128F1467692,1999,0,0,144,256,0.5625,0
1387,TRBCWPC128F42438DF,2008,0,0,105,417,0.251798561151,0
1388,TRBCYEC128F423A352,1988,0,0,54,174,0.310344827586,0
1389,TRBCYOI128F1455566,2004,1,1,165,368,0.448369565217,0
1390,TRBDAVU128F423814A,2008,1,1,122,257,0.474708171206,0
1391,TRBDBJM128F1456D2D,1995,0,0,52,208,0.25,0
1392,TRBDBVM128F427BCC9,1992,0,0,101,329,0.306990881459,0
1393,TRBDBXO128F42B3E45,2003,0,0,60,120,0.5,0
1394,TRBDCAH128EF362D31,1993,3,1,235,697,0.337159253945,0
1395,TRBDDKF128F426BF7B,2008,0,0,57,123,0.463414634146,0
1396,TRBDEKV128F426BDAF,2002,1,1,67,247,0.271255060729,0
1397,TRBDENV12903CC4FDA,1999,0,0,94,237,0.396624472574,0
1398,TRBDEXM128F4291A7F,2007,0,0,28,42,0.666666666667,0
1399,TRBDFMM128F42A63D0,2006,4,1,205,427,0.480093676815,0
1400,TRBDFUU128F92EF5BC,2005,0,0,104,278,0.374100719424,0
1401,TRBDHKL128F426BE45,2007,0,0,118,388,0.30412371134,0
1402,TRBDHUR128F423EC48,1996,0,0,53,195,0.271794871795,0
1403,TRBDIMX128F147A307,2006,0,0,105,208,0.504807692308,0
1404,TRBDIOP128EF35F99C,2002,0,0,94,312,0.301282051282,0
1405,TRBDIPI128F4279185,1982,0,0,55,91,0.604395604396,0
1406,TRBDITJ128F145998C,2002,0,0,232,650,0.356923076923,0
1407,TRBDIZG12903CD68A3,2009,0,0,97,183,0.530054644809,0
1408,TRBDKOV128F4290943,1974,0,0,108,384,0.28125,0
1409,TRBDKQI128F1465028,2003,0,0,62,213,0.291079812207,0
1410,TRBDLXE128F9310E95,1998,0,0,65,128,0.5078125,0
1411,TRBDMAU128F935960B,1999,0,0,89,321,0.277258566978,0
1412,TRBDMCC128F9358267,1998,3,1,161,349,0.461318051576,0
1413,TRBDNGV128F42895AE,1967,0,0,57,127,0.448818897638,0
1414,TRBDNNY128F147C34C,2003,0,0,45,203,0.221674876847,0
1415,TRBDNZI128F14A9065,1983,0,0,99,222,0.445945945946,0
1416,TRBDOEI128F9329AE5,2003,0,0,64,180,0.355555555556,0
1417,TRBDPRV128F9306A7E,2009,0,0,75,218,0.344036697248,0
1418,TRBDRIN128F9308ABF,1998,0,0,59,158,0.373417721519,0
1419,TRBDRIR128F4241358,2006,0,0,69,213,0.323943661972,0
1420,TRBDROB128F93093CA,1983,0,0,65,152,0.427631578947,0
1421,TRBDSFP128E07937B9,1991,0,0,39,165,0.236363636364,0
1422,TRBDSLA128F4288246,1993,0,0,97,262,0.370229007634,0
1423,TRBDSWA128F92FE70A,1986,0,0,76,179,0.424581005587,0
1424,TRBDTNY128F9327A10,1979,0,0,58,249,0.232931726908,0
1425,TRBDTZX128F92DFA66,2009,0,0,82,218,0.376146788991,0
1426,TRBDUSM128F9339A13,2001,0,0,25,54,0.462962962963,0
1427,TRBDVCW128F427C875,2008,0,0,97,238,0.40756302521,0
1428,TRBDVJF128E078894B,2001,0,0,161,324,0.496913580247,0
1429,TRBDVLN128E078C6FB,1971,0,0,98,148,0.662162162162,0
1430,TRBDVVT128F4279D11,1996,15,1,250,591,0.423011844332,0
1431,TRBDWLE128F42B3112,1976,0,0,83,253,0.328063241107,0
1432,TRBDWRY128F427991E,2005,1,1,82,180,0.455555555556,0
1433,TRBDYEF128F423DC43,1974,0,0,95,248,0.383064516129,0
1434,TRBDYIC128F92F1D17,2000,7,1,185,464,0.398706896552,0
1435,TRBEAMO128F425B75F,2002,0,0,85,285,0.298245614035,0
1436,TRBEATE128E078F0D8,1985,0,0,114,298,0.38255033557,0
1437,TRBEAWP128F422B4D1,2006,0,0,31,40,0.775,0
1438,TRBEBEZ128E0792F08,1996,0,0,99,193,0.512953367876,0
1439,TRBEBNV128F423783D,1993,0,0,69,112,0.616071428571,0
1440,TRBEBVZ128F425A660,1991,0,0,108,288,0.375,0
1441,TRBEBWG128F93214A4,1997,0,0,84,210,0.4,0
1442,TRBEBWN128F933D21F,2007,0,0,55,188,0.292553191489,0
1443,TRBEBYV128F14A0B65,2004,0,0,33,129,0.255813953488,0
1444,TRBECAL128F4270F27,1993,0,0,63,164,0.384146341463,0
1445,TRBECKU128F428B08A,2001,3,1,187,596,0.313758389262,0
1446,TRBEELS128F42B63A8,1992,0,0,38,120,0.316666666667,0
1447,TRBEFFG128E0793C24,1998,0,0,57,128,0.4453125,0
1448,TRBEHBS128F4233471,2000,0,0,51,111,0.459459459459,0
1449,TRBEHFA128F145B3DA,1991,0,0,78,144,0.541666666667,0
1450,TRBEHNT128E0792546,2000,11,1,94,353,0.266288951841,0
1451,TRBEIAM12903CF4476,1996,0,0,65,228,0.285087719298,0
1452,TRBEIBI12903CBD2B6,1999,0,0,104,279,0.372759856631,0
1453,TRBEIBI12903CC4C7B,1982,0,0,49,90,0.544444444444,0
1454,TRBEIKK128F14628D6,2001,0,0,96,174,0.551724137931,0
1455,TRBEIRT128F42A6680,2007,0,0,68,329,0.206686930091,0
1456,TRBEISL128F931B107,2007,0,0,75,291,0.257731958763,0
1457,TRBEIVC128F9320E95,2006,0,0,88,212,0.415094339623,0
1458,TRBEIYU128F92E88A9,1996,0,0,90,158,0.569620253165,0
1459,TRBEKGR128F425DA44,2003,1,1,95,268,0.35447761194,0
1460,TRBEMTF128F42660CA,1995,0,0,206,615,0.334959349593,0
1461,TRBENTT128E0781C26,1972,0,0,86,143,0.601398601399,0
1462,TRBEONX128E0788D2B,2005,0,0,46,217,0.21198156682,0
1463,TRBEOUP12903CF652E,2006,0,0,43,118,0.364406779661,0
1464,TRBEQFT128F4238A28,2001,3,1,100,299,0.334448160535,0
1465,TRBERCZ128E0787D93,1999,0,0,37,223,0.165919282511,0
1466,TRBESEX128F147BB13,2006,0,0,59,189,0.312169312169,0
1467,TRBESGH128E0788912,1993,0,0,66,111,0.594594594595,0
1468,TRBETHV128F429722F,2003,0,0,64,191,0.335078534031,0
1469,TRBETVK128F4288B49,1970,0,0,67,187,0.358288770053,0
1470,TRBEUKI128F9318306,1967,0,0,74,130,0.569230769231,0
1471,TRBEUMG128F422305C,2008,0,0,67,132,0.507575757576,0
1472,TRBEVTM128F92FE2B2,1997,0,0,4,4,1.0,0
1473,TRBEWCS128F428BA34,2001,0,0,84,175,0.48,0
1474,TRBEWTY12903CB4779,2008,0,0,68,245,0.277551020408,0
1475,TRBEXUF128F92DF175,2008,0,0,123,515,0.238834951456,0
1476,TRBEYDS128F148C563,1993,10,1,185,494,0.374493927126,0
1477,TRBEYEO128F9308A8D,1984,0,0,33,62,0.532258064516,0
1478,TRBEYJR128F4292651,2002,0,0,91,295,0.308474576271,0
1479,TRBFANX128F42934C3,2001,0,0,70,253,0.276679841897,0
1480,TRBFBOG128F9356C6E,1992,15,1,301,976,0.308401639344,0
1481,TRBFCZL128F42915B0,2005,2,1,57,70,0.814285714286,0
1482,TRBFEIX128F426A5F8,1997,0,0,104,246,0.422764227642,0
1483,TRBFGDW128F4261FA6,1984,0,0,81,234,0.346153846154,0
1484,TRBFGFF12903CF4183,2000,0,0,57,114,0.5,0
1485,TRBFHQG128F93092E5,2000,0,0,83,374,0.22192513369,0
1486,TRBFHRA128F424D28A,1991,0,0,54,97,0.556701030928,0
1487,TRBFIAK128E07823AA,2003,0,0,58,115,0.504347826087,0
1488,TRBFIHG128F4289CF9,1997,3,1,109,187,0.582887700535,0
1489,TRBFIUJ12903CFEB7C,2008,0,0,89,137,0.649635036496,0
1490,TRBFJGB128F42612B1,2005,1,1,114,331,0.344410876133,0
1491,TRBFJKU12903CEDB0C,1987,0,0,102,206,0.495145631068,0
1492,TRBFJPO128F4295BE3,1995,0,0,65,175,0.371428571429,0
1493,TRBFKHT128F427215E,1992,0,0,132,280,0.471428571429,0
1494,TRBFLER128F148C52B,1994,0,0,115,341,0.33724340176,0
1495,TRBFLFI128F427F374,2004,0,0,69,265,0.260377358491,0
1496,TRBFLIP128E07897B4,2005,0,0,73,168,0.434523809524,0
1497,TRBFLOH128F42630E3,1995,0,0,58,186,0.311827956989,0
1498,TRBFLSD128F42A0F4C,1983,0,0,70,140,0.5,0
1499,TRBFMAS128E078F352,1998,0,0,62,144,0.430555555556,0
1500,TRBFMGE12903CDECE5,1975,0,0,84,242,0.347107438017,0
1501,TRBFMTO128F9322AE7,1981,0,0,77,300,0.256666666667,0
1502,TRBFNBC12903CA9800,2009,0,0,105,228,0.460526315789,0
1503,TRBFNMG128F4278109,1979,0,0,42,125,0.336,0
1504,TRBFOEA128F425D2DB,1986,0,0,71,306,0.232026143791,0
1505,TRBFPRL128F14569B9,2000,0,0,57,157,0.363057324841,0
1506,TRBFQQY128F4249C56,2006,0,0,42,227,0.185022026432,0
1507,TRBFRFR128E0781C86,1996,3,1,70,174,0.402298850575,0
1508,TRBFRZX128F9341EAE,2001,36,1,197,554,0.35559566787,0
1509,TRBFSKB128F145C5B1,2004,0,0,5,6,0.833333333333,0
1510,TRBFSNP128F14572B5,1988,0,0,93,250,0.372,0
1511,TRBFTJP128F426AC3F,1975,0,0,81,160,0.50625,0
1512,TRBFUMI128F42B5731,1985,0,0,59,158,0.373417721519,0
1513,TRBFUNY128C7196B7D,1992,2,1,114,346,0.329479768786,0
1514,TRBFURI128F1455498,2004,0,0,77,214,0.359813084112,0
1515,TRBFVEP128F42621E3,2000,2,1,58,109,0.532110091743,0
1516,TRBFVMO128F14537D3,2005,0,0,114,221,0.515837104072,0
1517,TRBFVZI128F147FCAF,1993,0,0,79,268,0.294776119403,0
1518,TRBFXMJ12903CB50F6,2008,9,1,113,280,0.403571428571,0
1519,TRBFYJE128F14A8ABF,1982,0,0,64,136,0.470588235294,0
1520,TRBFYKT128F428AFF7,2000,0,0,86,236,0.364406779661,0
1521,TRBFZRA128F427030C,2001,19,1,265,782,0.338874680307,0
1522,TRBGACK12903CD5CF5,2009,0,0,66,229,0.288209606987,0
1523,TRBGBGO128F4264203,1992,1,1,70,317,0.220820189274,0
1524,TRBGBIK128F4294A67,2004,0,0,128,564,0.22695035461,0
1525,TRBGBUY128F422B413,2003,0,0,61,96,0.635416666667,0
1526,TRBGCAK128F425F3CC,1996,3,1,30,98,0.30612244898,0
1527,TRBGCLK128F4237A50,2002,0,0,57,250,0.228,0
1528,TRBGDXT128F1487E86,2006,0,0,109,258,0.422480620155,0
1529,TRBGEGB128F9345BD0,1998,0,0,133,250,0.532,0
1530,TRBGEZA128F4286D23,2000,5,1,39,82,0.475609756098,0
1531,TRBGFUW12903CA0E6B,1982,0,0,52,145,0.358620689655,0
1532,TRBGGFE128E0785AC0,2003,0,0,65,134,0.485074626866,0
1533,TRBGGOS128F9307FC5,2002,0,0,74,247,0.2995951417,0
1534,TRBGGRK128F422CA7F,1995,0,0,10,20,0.5,0
1535,TRBGGYE128F42B63AB,1992,0,0,90,201,0.44776119403,0
1536,TRBGHJG128F428ADB4,1999,0,0,68,292,0.232876712329,0
1537,TRBGHVM128F146B47A,2003,0,0,54,125,0.432,0
1538,TRBGIAQ128F1483BFE,2004,0,0,119,292,0.407534246575,0
1539,TRBGIDU128F4241A2E,2007,0,0,61,183,0.333333333333,0
1540,TRBGJDW128F4292EDB,2003,4,1,199,756,0.263227513228,0
1541,TRBGJIZ128F92E42BC,1972,0,0,50,119,0.420168067227,0
1542,TRBGKGR128F92EE206,2002,0,0,50,259,0.19305019305,0
1543,TRBGKJU128E079851F,1995,0,0,197,485,0.40618556701,0
1544,TRBGLAD128F9343692,2009,0,0,59,155,0.38064516129,0
1545,TRBGLRQ12903CA86EE,2006,0,0,107,256,0.41796875,0
1546,TRBGLSW12903CE3D8A,1987,0,0,192,413,0.464891041162,0
1547,TRBGMAZ12903CC3707,1994,0,0,72,183,0.393442622951,0
1548,TRBGMJF128F425E8EA,2002,0,0,81,261,0.310344827586,0
1549,TRBGMUA128F92E9A1C,1985,0,0,120,332,0.361445783133,0
1550,TRBGMWQ12903CC23CD,1997,1,1,61,87,0.701149425287,0
1551,TRBGNAF128F9339532,1987,0,0,47,77,0.61038961039,0
1552,TRBGNCL128F428F56F,2006,0,0,111,441,0.251700680272,0
1553,TRBGNNC128F148D427,1990,14,1,191,548,0.348540145985,0
1554,TRBGOPC128F4231959,1998,0,0,99,145,0.68275862069,0
1555,TRBGOWY12903D0E2A0,2007,0,0,81,145,0.558620689655,0
1556,TRBGPCC128F428FF02,1987,0,0,74,194,0.381443298969,0
1557,TRBGPWE128F421CCB4,2003,0,0,94,273,0.344322344322,0
1558,TRBGRGT12903CC5019,2000,0,0,78,257,0.303501945525,0
1559,TRBGRWH128F92E3551,2005,0,0,53,185,0.286486486486,0
1560,TRBGSAQ128F1470B41,1990,0,0,96,224,0.428571428571,0
1561,TRBGTPK128F429E5D5,2001,7,1,250,404,0.618811881188,0
1562,TRBGTZD128EF34B6C3,1990,0,0,140,258,0.542635658915,0
1563,TRBGUHX128F4279757,1998,0,0,91,276,0.329710144928,0
1564,TRBGUSS128F92F94BB,1977,2,1,80,207,0.386473429952,0
1565,TRBGUTI128E07872F0,2004,7,1,208,706,0.294617563739,0
1566,TRBGUUE128F1494FB6,1982,0,0,182,354,0.514124293785,0
1567,TRBGUUF128F9334B97,2006,0,0,83,155,0.535483870968,0
1568,TRBGWGD128F42418B2,2005,0,0,85,136,0.625,0
1569,TRBGWQG128F92FB42D,1982,0,0,124,229,0.541484716157,0
1570,TRBGWVI128E0788AE7,2004,0,0,39,224,0.174107142857,0
1571,TRBGWWM12903CCE627,2004,0,0,77,194,0.396907216495,0
1572,TRBGXHJ128F93302C7,2005,0,0,198,642,0.308411214953,0
1573,TRBGZKO128F92DB016,2008,0,0,109,283,0.385159010601,0
1574,TRBGZLM128F4221E63,1995,1,1,29,38,0.763157894737,0
1575,TRBHAAK128F92E27BF,2004,0,0,54,113,0.477876106195,0
1576,TRBHBGB128F931E4CF,1972,0,0,79,190,0.415789473684,0
1577,TRBHCXR128F92E7D0E,1986,0,0,74,307,0.241042345277,0
1578,TRBHDGL128F42324A7,2008,0,0,99,185,0.535135135135,0
1579,TRBHDTL128F1468F7D,1977,1,1,87,355,0.245070422535,0
1580,TRBHEBY128F148CF2B,1997,0,0,63,289,0.217993079585,0
1581,TRBHEVR128F4263CE0,1990,0,0,91,232,0.39224137931,0
1582,TRBHFBL128F14537D2,2005,1,1,128,272,0.470588235294,0
1583,TRBHGKH128F427FB11,1983,0,0,35,60,0.583333333333,0
1584,TRBHGUK128E078E031,1993,0,0,68,114,0.59649122807,0
1585,TRBHGVH128F148AD73,2001,0,0,124,336,0.369047619048,0
1586,TRBHHMI128F426779C,2004,1,1,78,185,0.421621621622,0
1587,TRBHHUC128F4294C6F,2006,0,0,84,146,0.575342465753,0
1588,TRBHHWQ128F93321AB,2002,0,0,32,40,0.8,0
1589,TRBHIRB128F1452ACC,2005,0,0,53,288,0.184027777778,0
1590,TRBHJAY128F14A9061,1980,0,0,120,303,0.39603960396,0
1591,TRBHJFG128F426C8EA,1993,0,0,71,228,0.311403508772,0
1592,TRBHJJP128F145EA12,2001,0,0,124,339,0.365781710914,0
1593,TRBHJPQ128E078ED8F,2002,0,0,40,249,0.160642570281,0
1594,TRBHKCL128F425A036,2004,2,1,141,350,0.402857142857,0
1595,TRBHKKJ128F427A3B1,2002,0,0,8,8,1.0,0
1596,TRBHKKK128F427E9FF,2007,0,0,50,181,0.276243093923,0
1597,TRBHKXX128F4252D02,2000,0,0,26,120,0.216666666667,0
1598,TRBHLBL12903D0137C,2002,0,0,115,267,0.430711610487,0
1599,TRBHLDQ128F423EF10,2005,0,0,52,168,0.309523809524,0
1600,TRBHLGE128F42A64E5,2007,0,0,207,507,0.408284023669,0
1601,TRBHMZS128F42658FF,2003,12,1,180,634,0.283911671924,0
1602,TRBHNEU128F426E873,1993,0,0,107,318,0.336477987421,0
1603,TRBHNHZ128F42A6BEF,2004,5,1,207,417,0.496402877698,0
1604,TRBHNUB12903CC2475,2004,0,0,64,195,0.328205128205,0
1605,TRBHPGG128F428C972,2004,0,0,39,94,0.414893617021,0
1606,TRBHQHN128F148A1B3,1991,0,0,154,338,0.455621301775,0
1607,TRBHQUM128F9309DE1,2005,0,0,69,267,0.258426966292,0
1608,TRBHQXZ128F42408ED,2002,0,0,87,174,0.5,0
1609,TRBHRLX128F93466B9,1971,0,0,51,175,0.291428571429,0
1610,TRBHSDN128F4274E9F,2006,0,0,41,93,0.440860215054,0
1611,TRBHSMF128F4285B9C,2004,0,0,99,262,0.37786259542,0
1612,TRBHSVR128F9324499,1967,0,0,64,135,0.474074074074,0
1613,TRBHTKF128F92CC5D2,2007,0,0,59,100,0.59,0
1614,TRBHTOR128F428CADE,1999,3,1,54,68,0.794117647059,0
1615,TRBHUVB128F148ADB8,2002,0,0,85,240,0.354166666667,0
1616,TRBHZAA128F4271AE9,1998,0,0,94,151,0.622516556291,0
1617,TRBHZUN12903CA60F7,2009,0,0,42,53,0.792452830189,0
1618,TRBHZYO128E07862BE,1998,15,1,217,577,0.376083188908,0
1619,TRBIAVU128EF3493BA,2002,0,0,98,287,0.341463414634,0
1620,TRBIBAQ128F93279F5,1979,1,1,75,191,0.392670157068,0
1621,TRBIBKA128F42947BF,2001,0,0,145,404,0.358910891089,0
1622,TRBIBTU128F92FDC9D,2009,2,1,126,249,0.506024096386,0
1623,TRBIBVM128F4262E9D,2006,0,0,31,63,0.492063492063,0
1624,TRBICVB128F9326B65,2007,0,0,86,195,0.441025641026,0
1625,TRBIFGK128F92F23A2,2008,0,0,148,306,0.483660130719,0
1626,TRBIGGV12903CABC77,2000,0,0,94,204,0.460784313725,0
1627,TRBIGRY128F42597B3,2000,0,0,42,103,0.407766990291,0
1628,TRBIGTG128F92EDBAC,2008,1,1,76,177,0.429378531073,0
1629,TRBIHAU128F425C317,1985,0,0,102,185,0.551351351351,0
1630,TRBIIEU128F9307C88,2009,1,1,103,325,0.316923076923,0
1631,TRBIIOT128F423C594,1978,0,0,101,171,0.590643274854,0
1632,TRBIJES12903CF5B12,2006,0,0,32,76,0.421052631579,0
1633,TRBIJFB128F92ED124,2006,5,1,69,227,0.303964757709,0
1634,TRBIJMU12903CF892B,1998,0,0,101,210,0.480952380952,0
1635,TRBIJYB128F14AE326,2005,0,0,76,217,0.350230414747,0
